Słodycze|Wafle
Ryby|Przetwory rybne
Chemia|Toaleta
Kiosk|Apteczka
Słodycze|Czekolady
Zoologiczny|Dla kota
Kawa i herbata|Herbata
Dania gotowe|Dania
Tłuszcze|Masło, Margaryna, Smalec
Dla dzieci|Obiadki
Słodycze|Batony
Dania gotowe|Zupy
Chemia|Środki czystości
Dla dzieci|Deserki
Artykuły sypkie|Ryż
Higiena|Pielęgnacja twarzy
Napoje|Soki, Nektary
Przekąski|Chipsy, Chrupki
Napoje|Syropy
Dania gotowe|Dania mrożone
Mięso i wędliny|Mięso
Mięso i wędliny|Kiełbasy, Parówki
Nabiał|Jogurty, Serki, Desery
Chemia|Do mycia naczyń
Nabiał|Twarogi, Serki kanapkowe
Kawa i herbata|Kawa mielona, Ziarnista
Pieczywo i wypieki|Cukiernia
Napoje|Wody
Owoce i warzywa|Owoce suszone, Orzechy
Higiena|Zęby
Chemia|Pranie
Pieczywo i wypieki|Białe
Przyprawy i sosy|Kostki rosołowe
Higiena|Dezodoranty
Higiena|Pielęgnacja ciała
Zoologiczny|Dla psa
Dla dzieci|Akcesoria
Przyprawy i sosy|Octy
Higiena|Artykuły do kąpieli
Owoce i warzywa|Dżemy
Owoce i warzywa|Przetwory warzywne
Mięso i wędliny|Wędliny
Napoje|Napoje
Nabiał|Mleko
Kawa i herbata|Czekolada, Kakao
Przyprawy i sosy|Sosy
Owoce i warzywa|Owoce świeże
Słodycze|Bombonierki
Owoce i warzywa|Przetwory owocowe
Słodycze|Ciastka
Słodycze|Gumy i drażetki
Przyprawy i sosy|Ketchup
Owoce i warzywa|Koncentraty
Higiena|Artykuły kosmetyczne
Pieczywo i wypieki|Wypieki
Mięso i wędliny|Konserwy, Pasztety
Przyprawy i sosy|Majonez
Pieczywo i wypieki|Dodatki do wypieków
Artykuły sypkie|Makaron
Dla dzieci|Kaszki, Kleiki
Słodycze|Galaretka
Dla dzieci|Kosmetyki
Higiena|Golenie, Depilacja
Tłuszcze|Olej, Oliwa
Artykuły sypkie|Cukier
Dla dzieci|Napoje
Nabiał|Sery topione, Sery pleśniowe
Dla dzieci|Chemia
Nabiał|Śmietany, Śmietanki
Artykuły sypkie|Kasza
Przyprawy i sosy|Musztarda
Higiena|Mydła
Pieczywo i wypieki|Ciemne, z ziarnami
Higiena|Higiena intymna
Zdrowa żywność|Bezglutenowe
Dania gotowe|Sałatki
Ryby|Ryby mrożone
Nabiał|Ser żółty
Słodycze|Kisiel
Nabiał|Kefir
Przyprawy i sosy|Przyprawy i zioła
Dania gotowe|Produkty gotowe
Słodycze|Cukierki
Przekąski|Orzeszki
Przekąski|Paluszki, Ciastka
Artykuły sypkie|Płatki śniadaniowe, Musli
Nabiał|Jaja
Chemia|Akcesoria kuchenne
Pieczywo i wypieki|Chrupkie
Owoce i warzywa|Warzywa świeże
Higiena|Pielęgnacja włosów
Słodycze|Budyń
Owoce i warzywa|Mrożonki
Kawa i herbata|Śmietanka do kawy
Ryby|Owoce morza
Zdrowa żywność|Zdrowa żywność
Nabiał|Maślanka
Przekąski|Pozostałe
Kawa i herbata|Kawa rozpuszczalna
Przyprawy i sosy|Sól
Artykuły sypkie|Mąka, Bułka tarta
Dla dzieci|Mleko
Kawa i herbata|Cappuccino
Owoce i warzywa|Owoce w puszkach
Owoce i warzywa|Miód
Przyprawy i sosy|Chrzan
Słodycze|Kremy, Masła orzechowe
Pieczywo i wypieki|Tostowe
Dla dzieci|Pieluszki
Zdrowa żywność|Napoje
Artykuły sypkie|Fasola, Groch
Dla dzieci|Zupki
Zdrowa żywność|Sojowe
Artykuły sypkie|Ziarna i nasiona
Owoce i warzywa|Grzyby
Zdrowa żywność|Dla diabetyków
Kiosk|Papierosy, Tytoń
Ryby|Ryby wędzone
Zdrowa żywność|Produkty ekologiczne
Zoologiczny|Inne