4|40|Zęby|Sensodyne Odbudowa i ochrona pasta do zębów z fluorkiem|17,60|75ml|https://e-szop24.pl/photos/018953_sensodyne_odb_i_och_pas_do_ze_bb1.png
4|40|Zęby|Colgate Szczoteczka do zębów dla dzieci 2-6 lat Bardzo Miękka|10,40||https://e-szop24.pl/photos/028484_colgszczotusmmalucha_2_6la_bb1.png
4|40|Soki i Nektary|Hortex fresz winogrona jabłko limonka napój niegazowany|3,65|1 L|https://e-szop24.pl/photos/010308_hortex_fre_win_jab_lim_nap_ni_bb1.png
4|40|Pielęgnacja twarzy|AA Technologia Wieku 60+ Złota Kuracja Krem regenerująco-odbudowujący na noc|25,19|50 ml|https://e-szop24.pl/photos/029050_aa_kre_noc_reg_odb_bb1.png
4|40|Bombonierki|Wedel Torcik Wedlowski|15,99|250 g|https://e-szop24.pl/photos/014281_wedel_tor_wed_bb1.png
4|40|Cukiernia|Oskroba Babka o smaku waniliowym|7,25|400 g|https://e-szop24.pl/photos/020358_oskroba_bab_o_sma_wan_bb1.png
4|40|Przetwory rybne|Lisner Matjas korzenny|6,99|220 g|https://e-szop24.pl/photos/012469_lisner_mat_kor_bb1.png
4|40|Twarogi i Serki kanapkowe|Zott Zottarella Classic|4,39|125 g|https://e-szop24.pl/photos/016584_zott_zot_cla.png
4|40|Mięso|Sznycel z indyka|24,50|800 g|https://e-szop24.pl/photos/016297_indykpol_szn_z_ind_sam_dob_bb1.png
4|40|Dla psa|Chappi z wołowiną i drobiem|16,99|3 kg|https://e-szop24.pl/photos/017512_chappi_z_wol_i_dro_bb1.png
4|40|Przetwory rybne|Lisner Pastella Meksykańska Pasta z wołowiną i fasolą|2,99|80 g|https://e-szop24.pl/photos/020033_lisner_pas_mek_pas_z_wol_i_fa_bb1.png
4|40|Sery topione i Sery pleśniowe|Hochland Tercett ser topiony (krążek)|5,99|200 g|https://e-szop24.pl/photos/011416_hochland_ter_ser_top_kra_bb1.png
4|40|Jogurty i Serki i Desery|Bakoma serek Bakuś czekoladowy|1,65|90 g|https://e-szop24.pl/photos/011145_bakoma_ser_bak_cze_bb1.png
4|40|Napoje|Tymbark napój niegazowany jabłko-mięta Aseptic|5,60|2 L|https://e-szop24.pl/photos/010254_tymbark_nap_nie_jab_mie_ase_bb1.png
4|40|Zupy|Knorr Barszcz czerwony|149,99|3 kg|https://e-szop24.pl/photos/019745_knorr_bar_cze_bb1.png
4|40|Dodatki do wypieków|Cykoria Catering Kwas cytrynowy spożywczy|14,46|1 kg|https://e-szop24.pl/photos/019614_cykoria_cat_kwa_cyt_spo_bb1.png
4|40|Apteczka|Durex Fetherlite Ultima Prezerwatywy 10 sztuk|33,30||https://e-szop24.pl/photos/029330_durex_fet_ult_10s_bb1.png
4|40|Cukierki|Jutrzenka Akuku! Nadziane misie|2,99|90 g|https://e-szop24.pl/photos/013695_jutrzenka_aku_nad_mis_bb1.png
4|40|Płatki śniadaniowe i Musli|Nestle Nesvita z mlekiem i malinami|1,79|49 g g|https://e-szop24.pl/photos/013498_nestle_nes_z_mle_i_mal_bb1.png
4|40|Sosy|Winiary Sos myśliwski|3,20|30 g|https://e-szop24.pl/photos/013008_winiary_sos_mys_bb1.png
4|40|Twarogi i Serki kanapkowe|Apetina Tapas Serek kremowy grillowana papryka i oliwki|4,30|125 g|https://e-szop24.pl/photos/019474_apetina_tap_ser_kre_gri_pap_i_bb1.png
4|40|Przetwory owocowe|Stovit Marmolada wieloowocowa|5,59|600 g|https://e-szop24.pl/photos/021705_stomarmolada_wie_bb1.png
4|40|Mydła|Dettol Nawilżenie Antybakteryjne mydło w płynie Zapas|9,90|500 ml|https://e-szop24.pl/photos/027511_dettol_myd_zap_naw_bb1.png
4|40|Pielęgnacja twarzy|Garnier Płyn micelarny 3w1 skóra wrażliwa|19,99|400 ml|https://e-szop24.pl/photos/019908_garnier_ply_mic_3w1_sko_wra_bb1.png
4|40|Chipsy i Chrupki|Cheetos Pizzerini Chrupki kukurydziane o smaku pizzy|2,90|85 g|https://e-szop24.pl/photos/023435_cheetos_piz_chr_kuk_o_sma_piz_bb1.png
4|40|Śmietany i Śmietanki|Mlekovita Śmietana Polska gęsta 18%|1,85|200 g|https://e-szop24.pl/photos/024093_mleksmietana_ges_18_200_bb1.png
4|40|Środki czystości|Kamyk Odkamieniacz w płynie|10,49|550 ml|https://e-szop24.pl/photos/018238_kamyk_odk_w_ply_bb1.png
4|40|Dania mrożone|Dr.Oetker Ristorante pizza salame|8,55|340 g|https://e-szop24.pl/photos/017236_droetker_ris_piz_sal.png
4|40|Twarogi i Serki kanapkowe|Łaciaty Serek puszysty z czosnkiem|3,10|150 g|https://e-szop24.pl/photos/024320_mleserek_lac_bb1.png
4|40|Akcesoria|Canpol Babies uniwersalne termoopakowanie pojedyńcze|16,99|1 szt|https://e-szop24.pl/photos/016275_canpol_bab_uni_ter_poj.png
4|40|Zęby|Denivit Anti-Stain Intense Profesjonalna pasta wybielająca|10,40|50 ml|https://e-szop24.pl/photos/028391_denivit_pro_cle_bb1.png
4|40|Zupy|Knorr Zupa krem z kurek|64,97|1 kg|https://e-szop24.pl/photos/019747_knorr_zup_kre_z_kur_bb1.png
4|40|Syropy|Herbapol Syrop owocowa spiżarnia czarna porzeczka|5,55|0,42 L|https://e-szop24.pl/photos/010420_herbapol_syr_owo_spi_cza_por_bb1.png
4|40|Kiełbasy i Parówki|Tarczyński Kabanos Exclusive wołowy|7,99|120 g|https://e-szop24.pl/photos/019998_tarczynski_kab_exc_wol_bb1.png
4|40|Cukierki|Nimm2 boomki|3,99|90 g|https://e-szop24.pl/photos/013727_nimm2_zuj_bb1.png
4|40|Jogurty i Serki i Desery|Bakuś do kieszonki Serek o smaku waniliowym 80 g|1,98|80 g|https://e-szop24.pl/photos/020019_bakus_do_kie_ser_o_sma_wan_80_bb1.png
4|40|Batony|Wedel Chałwa Królewska z Kakao i Bakaliami|9,49|250 g|https://e-szop24.pl/photos/014152_wedel_cha_kro_z_kak_i_bak_bb1.png
4|40|Ciastka|Cukry Nyskie Markizy orzechowe - luzem|45,99|2,9 kg|https://e-szop24.pl/photos/018850_cukry_nys_mar_orz_luz_bb1.png
4|40|Przetwory rybne|Lisner dla rodziny Filety śledziowe krojone w sosie musztardowym|10,29|500 g|https://e-szop24.pl/photos/025002_lisfilslw_smu_bb1.png
4|40|Kisiel|Delecta Duży kisiel smak wiśniowy|1,39|58 g|https://e-szop24.pl/photos/022639_delecta_duz_kis_sma_wis_bb1.png
4|40|Przetwory warzywne|Rolnik Buraczki marynowane całe|2,69|350 g|https://e-szop24.pl/photos/011872_rolnik_bur_mar_cal_bb1.png
4|40|Przetwory warzywne|Rolnik Szparagi całe|6,99|180 g|https://e-szop24.pl/photos/011898_rolnik_szp_cal.png
4|40|Dezodoranty|Fa Romantic Moments Żel pod prysznic|12,80|400 ml|https://e-szop24.pl/photos/027685_fa_zel_ppr_bb1.png
4|40|Kiełbasy i Parówki|Tarczyński Kabanos Klasyczny Wieprzowy|15,49|385 g|https://e-szop24.pl/photos/019206_tarczynski_kab_kla_wie_1.png
4|40|Makaron|Goliard zacierka|2,35|250 g|https://e-szop24.pl/photos/016708_goliard_zac.png
4|40|Syropy|Łowicz Syrop z owoców dzikiej róży|6,99|250 ml|https://e-szop24.pl/photos/019443_lowicz_syr_z_owo_dzi_roz_bb1.png
4|40|Dla kota|Whiskas Adult z tuńczykiem (puszka)|3,95|400g|https://e-szop24.pl/photos/012435_whiskas_adu_z_tun_pus_bb1.png
4|40|Wody|Primavera Woda źródlana gazowana 6 szt.|8,00|500 ml|https://e-szop24.pl/photos/025732_cdpwoda_pri_gaz_bb1.png
4|40|Twarogi i Serki kanapkowe|Mlekovita ser Favita 12% (żółta)|4,69|270 g|https://e-szop24.pl/photos/011325_mlekovita_ser_fav_12_zol_bb1.png
4|40|Konserwy i Pasztety|Profi Pasztet Dworski z dzikiem|3,99|105 g|https://e-szop24.pl/photos/019269_profi_pas_dwo_z_dzi_bb1.png
4|40|Dla psa|Chappi z wołowiną i z wołowiną i drobiem Karma pełnoporcjowa 4 szt.|7,20|400  g|https://e-szop24.pl/photos/030131_chappi_z_wol_wol_dro_100_bb1.png
4|40|Makaron|Malma Capellini Nidi Makaron gniazda nitki|4,99|400 g|https://e-szop24.pl/photos/020266_malma_cap_nid_mak_gni_nit_bb1.png
4|40|Zupy|Winiary Jak u Mamy zupa borowikowa|2,99|45 g|https://e-szop24.pl/photos/014681_winiary_jak_u_mam_zup_bor_bb1.png
4|40|Bombonierki|Mieszko Wiśnie w likierze|21,99|258 g|https://e-szop24.pl/photos/014328_mieszko_wis_w_lik_bb1.png
4|40|Środki czystości|Kiwi Color Shine pasta w płynie do obuwia czarna|9,49|50 ml|https://e-szop24.pl/photos/017648_kiwi_col_shi_pas_w_ply_do_obu_bb1.png
4|40|Jogurty i Serki i Desery|Bakoma Bakuś Puszysty wafelkowy Deserek|1,99|90 g|https://e-szop24.pl/photos/024741_bakserek_bak_waf_90g_bb1.png
4|40|Dodatki do wypieków|Prymat cynamon mielony|1,49|15 g|https://e-szop24.pl/photos/012737_prymat_cyn_mie_bb1.png
4|40|Golenie i Depilacja|Gillette Blue 3 Jednorazowe maszynki do golenia 6 sztuk|35,40||https://e-szop24.pl/photos/028644_gillette_blu_3_jed_mas_do_gol_bb1.png
4|40|Zupy|Knorr 1-2-3 Żurek baza|99,99|3 kg|https://e-szop24.pl/photos/019749_knorr_1_2_3_zur_baz_bb1.png
4|40|Budyń|Cykoria Budyń o smaku waniliowym|0,89|40 g|https://e-szop24.pl/photos/019522_cykoria_bud_o_sma_wan_bb1.png
4|40|Herbata|Dilmah Earl Grey Klasyczna czarna herbata z aromatem z bergamoty  (100 torebek)|24,45|2 g|https://e-szop24.pl/photos/023309_dilmah_ear_gre_100_bb1.png
4|40|Zupy|Amino zupa błyskawiczna gulaszowa|1,69|61 g|https://e-szop24.pl/photos/014717_amino_zup_bly_gul_bb1.png
4|40|Sosy|Winiary Sos grzybowy|1,79|28 g|https://e-szop24.pl/photos/013010_winiary_sos_grz_bb1.png
4|40|Dezodoranty|Nivea Antyperspirant Fresh Natural Roll-on|12,99|50 ml|https://e-szop24.pl/photos/010707_nivea_ant_fre_nat_rol_on_bb1.png
4|40|Sery topione i Sery pleśniowe|Hochland z szczypiorkiem ser topiony w plasterkach|3,99|130 g|https://e-szop24.pl/photos/011406_hochland_z_szc_ser_top_w_pla_bb1.png
4|40|Higiena intymna|Soraya Lactissima Ukojenie Żel do higieny intymnej|10,49|300 ml|https://e-szop24.pl/photos/027835_sorzel_dhi_bb1.png
4|40|Wędliny|Morliny Polędwica sopocka|6,50|100 g|https://e-szop24.pl/photos/011696_morliny_pol_sop_bb1.png
4|40|Jogurty i Serki i Desery|Bakoma Satino Coffee Espresso Napój mleczny kawowy|3,29|240 g|https://e-szop24.pl/photos/024060_bakkawa_sat_esp_240_bb1.png
4|40|Dezodoranty|Adidas Dynamic Pulse Dezodorant antyperspirant w kulce dla mężczyzn|13,99|50 ml|https://e-szop24.pl/photos/028918_adidas_dyn_on_50m_bb1.png
4|40|Akcesoria kuchenne|Jan Niezbędny Filtry do kawy rozm. 4|4,99|50 szt|https://e-szop24.pl/photos/017197_jan_nie_fil_do_kaw_roz_4.png
4|40|Sery topione i Sery pleśniowe|President Brie z orzechami|5,20|125 g|https://e-szop24.pl/photos/017086_president_bri_z_orz_bb1.png
4|40|Sery topione i Sery pleśniowe|Hochland Sortett ser topiony (krążek)|5,99|200 g|https://e-szop24.pl/photos/011415_hochland_sor_ser_top_kra_bb1.png
4|40|Zupy|Amino zupa błyskawiczna barszcz czerwony|1,69|66 g|https://e-szop24.pl/photos/014712_amino_zup_bly_bar_cze_bb1.png
4|40|Dezodoranty|Nivea Antyperspirant Energy Fresh Spray|13,05|150 ml|https://e-szop24.pl/photos/016780_nivea_ant_ene_fre_spr_bb1.png
4|40|Sosy|Barilla Arrabbiata Sos pomidorowy z papryką chili|9,50|400 g|https://e-szop24.pl/photos/022093_barsos_pap_400_bb1.png
4|40|Przyprawy i zioła|Prymat przyprawa do pizzy|1,49|20 g|https://e-szop24.pl/photos/012757_prymat_prz_do_piz_bb1.png
4|40|Przyprawy i zioła|Cykoria Kurkuma mielona|1,19|15 g|https://e-szop24.pl/photos/019658_cykoria_kur_mie_bb1.png
4|40|Twarogi i Serki kanapkowe|Hochland Almette z pomidorami dojrzewającymi w słońcu|3,99|150g|https://e-szop24.pl/photos/011346_hochland_alm_z_pom_doj_w_slo_bb1.png
4|40|Fasola i Groch|Halina Fasola Kolorowa|10,95|500 g|https://e-szop24.pl/photos/018604_halina_fas_kol_bb1.png
4|40|Akcesoria kuchenne|Jan Niezbędny Folia aluminiowa standardowa (10 m)|4,28|1 szt|https://e-szop24.pl/photos/012175_jan_nie_fol_alu_sta_10_m_bb1.png
4|40|Kawa mielona i Ziarnista|Nescafé Dolce Gusto Café au Lait Kawa w kapsułkach (16 sztuk)|23,00|10 g|https://e-szop24.pl/photos/023077_nesdolce_gus_au_lai_bb1.png
4|40|Ser żółty|Mlekovita Produkt seropodobny Javor wiórki|17,95|1 kg|https://e-szop24.pl/photos/024270_mlekseropodjavor_wio_1kg_bb1.png
4|40|Sojowe|Alpro soya Deser o smaku czekoladowym|15,50|4X125 g|https://e-szop24.pl/photos/015444_alpro_soy_des_o_sma_cze_bb1.png
4|40|Konserwy i Pasztety|Rolnik Pasztet z drobiem|4,25|500 g|https://e-szop24.pl/photos/017843_rolnik_pas_dro.png
4|40|Przetwory rybne|Seko Filety z makreli smażone w zalewie octowej|11,03|800 g|https://e-szop24.pl/photos/020248_seko_fil_z_mak_sma_w_zal_oct_bb1.png
4|40|Zęby|Listerine Zero Płyn do płukania jamy ustnej|19,99|500 ml|https://e-szop24.pl/photos/018623_listerine_zer_ply_do_plu_jam__bb1.png
4|40|Przetwory warzywne|Dawtona Kapusta czerwona z jabłkiem|3,59|680 g|https://e-szop24.pl/photos/020163_dawtona_kap_cze_z_jab_bb1.png
4|40|Masło i Margaryna i Smalec|Margaryna Pyszny Duet maślany smak|3,65|450 g|https://e-szop24.pl/photos/013653_margaryna_pys_due_mas_sma_bb1.png
4|40|Cappuccino|Mokate Cappuccino Maestro Renato Bonni Orzechowe|5,50|110 g|https://e-szop24.pl/photos/015271_mokate_cap_mae_ren_bon_orz_bb1.png
4|40|Ser żółty|Sierpc Ser królewski light|4,99|135 g|https://e-szop24.pl/photos/019380_sierpc_ser_kro_lig_bb1.png
4|40|Cukiernia|Cukiernia Walaszyk Keks|20,98|ok 700g|https://e-szop24.pl/photos/017102_cukiernia_wal_kek.png
4|40|Chemia|Bobini Baby Płyn do prania ubranek niemowlęcych i dziecięcych|11,40|1 L|https://e-szop24.pl/photos/026571_globobini_bab_pld_1l_bb1.png
4|40|Mrożonki|Frosta Warzywa na patelnię czerwone|6,90|400 g|https://e-szop24.pl/photos/017782_frosta_war_na_pat_cze_bb1.png
4|40|Zęby|Elmex Płyn do płukania jamy ustnej przeciw erozji|29,99|400 ml|https://e-szop24.pl/photos/018909_elmex_ply_do_plu_jam_ust_prz_.png
4|40|Jogurty i Serki i Desery|Bakoma jogurt 7 zbóż z brzoskwiniami|1,70|150g|https://e-szop24.pl/photos/011109_bakoma_jog_7_zbo_z_brz_bb1.png
4|40|Dania mrożone|Hortex Stimeria warzywa z serową nutą|4,99|300 g|https://e-szop24.pl/photos/017345_hortex_sti_war_z_ser_nut_bb1.png
4|40|Cukierki|Skittles Fruit|2,49|38 g|https://e-szop24.pl/photos/013740_skittles_fru_bb1.png
4|40|Jogurty i Serki i Desery|Zott Monte snack|1,69|29 g|https://e-szop24.pl/photos/019019_zott_mon_sna_1.png
4|40|Zupki|HiPP BIO Zupka pomidorowa delikatny krem po 7. miesiącu|7,20|200 g|https://e-szop24.pl/photos/022432_hipp_bio_zup_pom_del_kre_po_7_bb1.png
4|40|Batony|Snickers baton|1,59|50 g|https://e-szop24.pl/photos/014193_snickers_bat_bb1.png
4|40|Pieluszki|Pampers premium care mini 3-6 kg|51,90|72 szt|https://e-szop24.pl/photos/016361_pampers_pre_car_min_3_6_kg_bb1.png
4|40|Soki i Nektary|Tarczyn Nektar czerwony grejpfrut|1,99|0,3 L|https://e-szop24.pl/photos/010215_tarczyn_nek_cze_gre_bb1.png
4|40|Sosy|Knorr Fix danie orientalne z kurczakiem|3,25|48 g|https://e-szop24.pl/photos/019782_knorr_fix_dan_ori_bb1.png
4|40|Przyprawy i zioła|Cykoria Catering Papryka mielona ostra|17,42|700 g|https://e-szop24.pl/photos/019619_cykoria_cat_pap_mie_ost_bb1.png
4|40|Czekolady|Milka Czekolada Bubbly White|4,99|100 g|https://e-szop24.pl/photos/018860_milka_cze_bub_whi_bb1.png
4|40|Wędliny|Sokołów Kabanosy francuskie Gold|7,99|120|https://e-szop24.pl/photos/030350_sokkabanosy_fra_120_bb1.png
4|40|Pielęgnacja włosów|Syoss Shine & Hold Lakier do włosów|14,93|300 ml|https://e-szop24.pl/photos/019947_syoss_shi_hol_lak_do_wlo_bb1.png
4|40|Produkty gotowe|Virtu Uszka z kapustą i grzybami|12,70|1 kg|https://e-szop24.pl/photos/017033_virtu_usz_z_kap_i_grz_bb1.png
4|40|Olej i Oliwa|Olitalia Olej ryżowy|21,99|1 L|https://e-szop24.pl/photos/017737_olitalia_ole_ryz_bb1.png
4|40|Obiadki|BoboVita obiadek warzywa w delikatnej potrawce z cielęciną|15,75|2szx250 g|https://e-szop24.pl/photos/015966_bobovita_obi_war_w_del_pot_z__bb1.png
4|40|Mąka i Bułka tarta|Melvit Orkisz do wypieku domowego chleba|8,50|1 kg|https://e-szop24.pl/photos/019505_melvit_ork_do_wyp_dom_chl_bb1.png
4|40|Olej i Oliwa|Kujawski Olej rzepakowy z pomidorami, czosnkiem i bazylią|7,49|250 ml|https://e-szop24.pl/photos/018292_kujawski_ole_rze_z_pom_czo_i__bb1.png
4|40|Dezodoranty|Adidas 6in1 Cool & Dry Dezodorant antyperspirant w kulce dla mężczyzn|13,99|50 ml|https://e-szop24.pl/photos/028917_adidas_coo_6w1_rol_50_bb1.png
4|40|Makaron|Malma Penne Rigate Makaron pióra|4,99|500 g|https://e-szop24.pl/photos/020268_malma_pen_rig_mak_pio_bb1.png
4|40|Dezodoranty|Nivea Antyperspirant Dry Comfort plus Spray|13,05|150 ml|https://e-szop24.pl/photos/010709_nivea_ant_dry_com_plu_spr_bb1.png
4|40|Obiadki|Hipp Risotto z brokułami i królikiem|15,80|2x220 g|https://e-szop24.pl/photos/015981_hipp_ris_z_bro_i_kro_bb1.png
4|40|Twarogi i Serki kanapkowe|Tartare Dolina Pieprzu|4,99|150g|https://e-szop24.pl/photos/011358_tartare_dol_pie_bb1.png
4|40|Chrupkie|Wasa Kanapka z serkiem i ziołami|2,29|30 g|https://e-szop24.pl/photos/018253_wasa_kan_z_ser_i_zio_bb1.png
4|40|Bezglutenowe|Profi Pasztet Dworski z jeleniem|3,99|105 g|https://e-szop24.pl/photos/019268_profi_pas_dwo_z_jel_bb1.png
4|40|Dodatki do wypieków|Dr.Oetker Sos toffi|5,45|200 g|https://e-szop24.pl/photos/017560_droetker_sos_tof_bb1.png
4|40|Kawa mielona i Ziarnista|Lavazza Caffe Espresso kawa mielona puszka|28,50|250 g|https://e-szop24.pl/photos/015200_lavazza_caf_esp_kaw_mie_pus_bb1.png
4|40|Mydła|Nivea Mydło kokos i olejek migdałowy|2,15|90 g|https://e-szop24.pl/photos/017894_nivea_myd_kok_i_ole_mig_bb1.png
4|40|Kawa rozpuszczalna|Anatol Kawa zbożowa rozpuszczalna Harmonia|5,79|100 g|https://e-szop24.pl/photos/023358_riebanakawa_zbo_kla_bb1.png
4|40|Wafle|Wafelki Góralki Czekoladowe|1,25|50 g|https://e-szop24.pl/photos/019134_wafelki_gor_cze_bb1.png
4|40|Dżemy|Herbapol Konfitura z malin extra niskosłodzona|5,50|240 g|https://e-szop24.pl/photos/020067_herbapol_kon_z_mal_ext_nis_bb1.png
4|40|Herbata|Dilmah Herbata jabłkowo cynamonowa z wanilią|7,40|20x1.5 g|https://e-szop24.pl/photos/017109_dilmah_her_jab_cyn_z_wan_bb1.png
4|40|Sosy|Heinz sos worcester|6,89|150 ml|https://e-szop24.pl/photos/016944_heinz_sos_wor_bb1.png
4|40|Herbata|Dilmah Earl Grey Tea Cejlońska czarna herbata z aromatem bergamoty sypka|17,90|125 g|https://e-szop24.pl/photos/023242_dilmah_ear_gre_tea_cej_cza_he_bb1.png
4|40|Przetwory rybne|Lisner Płaty śledziowe Bismarck|7,90|400 g|https://e-szop24.pl/photos/012476_lisner_pla_sle_bis_bb1.png
4|40|Apteczka|Durex Prezerwatywy Performa|10,25|3 szt|https://e-szop24.pl/photos/012355_durex_pre_per_bb1.png
4|40|Akcesoria kuchenne|Jan Niezbędny ściereczka z mikrofibry uniwersalna|9,90|1 szt|https://e-szop24.pl/photos/018213_jan_nie_sci_z_mik_uni_bb1.png
4|40|Artykuły do kąpieli|Dove Men plus Care Fresh Awake Żel pod prysznic|17,00|400 ml|https://e-szop24.pl/photos/027609_dove_men_zel_ppr_aw4_bb1.png
4|40|Golenie i Depilacja|Gillette Fusion Hydrating Nawilżający żel do golenia|17,70|200 ml|https://e-szop24.pl/photos/028554_gillette_fus_hyd_naw_zel_do_g_bb1.png
4|40|Owoce świeże|Nektarynki koszyk|4,99|1 kg|https://e-szop24.pl/photos/016403_nektarynki.png
4|40|Ciastka|Krakuski Deserowe z cukrem|3,20|200 g|https://e-szop24.pl/photos/014031_krakuski_des_z_cuk_bb1.png
4|40|Twarogi i Serki kanapkowe|Łaciaty Serek śmietankowy meksykański smak|2,99|135 g|https://e-szop24.pl/photos/024324_laciaty_ser_smi_mek_sma_bb1.png
4|40|Jogurty i Serki i Desery|Bakoma jogurt twist malinowy (butelka)|2,99|400g|https://e-szop24.pl/photos/011099_bakoma_jog_twi_mal_but_bb1.png
4|40|Bombonierki|Wedel Ptasie Mleczko Cytrynowe|14,99|380 g|https://e-szop24.pl/photos/014277_wedel_pta_mle_cyt_bb1.png
4|40|Soki i Nektary|Kubuś zielony banan - kiwi|3,94|0,9 L|https://e-szop24.pl/photos/010140_kubus_zie_ban_kiw_bb1.png
4|40|Czekolada i Kakao|Puchatek Napój kakaowy instant|3,99|150 g|https://e-szop24.pl/photos/023340_puchatek_kak_150_bb1.png
4|40|Akcesoria kuchenne|Jan Niezbędny Worki na śmieci z taśmą Magnum|7,99|10X60L|https://e-szop24.pl/photos/016551_jan_nie_wor_na_smi_z_tas_mag_bb1.png
4|40|Olej i Oliwa|Kujawski Olej 3 ziarna|11,99|0,75 L|https://e-szop24.pl/photos/013592_kujawski_ole_3_zia_bb1.png
4|40|Kawa mielona i Ziarnista|Tchibo Cafissimo Coffee Fine Aroma Kawa mielona w kapsułkach (10 sztuk)|17,60|7 g|https://e-szop24.pl/photos/023063_cafcaffee_fin_aro_10k_bb1.png
4|40|Napoje|Pepsi Cola Napój gazowany|4,50|1,5 l|https://e-szop24.pl/photos/038143_pepsi_col_nap_gaz_bb1.png
4|40|Soki i Nektary|Kubuś marchwiowo -jabłkowo -pomarańczowy|3,99|0,9 L|https://e-szop24.pl/photos/010128_kubus_mar_jab_pom_bb1.png
4|40|Wędliny|Sokołów Salami w obsypce pomidor|5,39|100 g|https://e-szop24.pl/photos/018827_sokolow_sal_w_obs_pom.png
4|40|Pielęgnacja włosów|Syoss Repair Therapy szampon do włosów|17,50|500 ml|https://e-szop24.pl/photos/017665_syoss_rep_the_sza_do_wlo_bb1.png
4|40|Mydła|Palmolive Naturals Mydło  Mleczko Oliwkowe|8,59|300 ml|https://e-szop24.pl/photos/010493_palmolive_nat_myd_mle_oli_bb1.png
4|40|Twarogi i Serki kanapkowe|Tartare Apérifrais Koreczki twarogowe smak pesto|10,99|100 g|https://e-szop24.pl/photos/024286_tartare_apr_kor_twa_sma_pes_bb1.png
4|40|Kawa mielona i Ziarnista|Lavazza Qualita Oro kawa mielona|27,99|250 g|https://e-szop24.pl/photos/015201_lavazza_qua_oro_kaw_mie_bb1.png
4|40|Wypieki|Dr.Oetker Babeczki czekoladowe z konfiturą wiśniową|7,60|405 g|https://e-szop24.pl/photos/016812_droetker_bab_cze_z_kon_wis_bb1.png
4|40|Pieluszki|Pampers premium care junior 11-25 kg|51,90|44 szt|https://e-szop24.pl/photos/016364_pampers_pre_car_jun_11_25_kg_bb1.png
4|40|Czekolady|Alpen Gold Czekolada z nadzieniem truskawkowym|3,25|90 g|https://e-szop24.pl/photos/013873_alpen_gol_cze_z_nad_tru_bb1.png
4|40|Akcesoria kuchenne|Kreis Pack Mieszadełko 13 cm|7,50|500 szt|https://e-szop24.pl/photos/017191_kreis_pac_mie_13_cm.png
4|40|Dla kota|Whiskas Drobiowe dania w galaretce saszetki|6,20|4x100 g|https://e-szop24.pl/photos/017547_whiskas_dro_dan_w_gal_sas_bb1.png
4|40|Dla diabetyków|Sweet Top słodzik w pudrze|8,50|150 g|https://e-szop24.pl/photos/018176_sweet_top_slo_w_pud_bb1.png
4|40|Jogurty i Serki i Desery|Zott deser Belriso truskawkowy|2,39|200 g|https://e-szop24.pl/photos/018597_zott_des_bel_tru.png
4|40|Napoje|Cocio Ice Latte Mrożony napój kawowy o smaku waniliowym|5,49|250 ml|https://e-szop24.pl/photos/024035_arlice_lat_mil_van_bb1.png
4|40|Kisiel|Cykoria Kisiel o smaku truskawkowym|0,99||https://e-szop24.pl/photos/019514_cykoria_kis_o_sma_tru_bb1.png
4|40|Twarogi i Serki kanapkowe|Tomyśl Ser smażony naturalny|6,60|200g|https://e-szop24.pl/photos/018943_tomysl_ser_sma_nat.png
4|40|Kosmetyki|Nivea Baby Chusteczki Pure&Fresh|10,99|63 szt|https://e-szop24.pl/photos/015574_nivea_bab_chu_pur_bb1.png
4|40|Kaszki i Kleiki|BoboVita kaszka ryżowa o smaku malinowym|6,99|180 g|https://e-szop24.pl/photos/015831_bobovita_kas_ryz_o_sma_mal_bb1.png
4|40|Sól|Sante Sól himalajska różowa|3,99|350 g|https://e-szop24.pl/photos/020113_sante_sol_him_roz_bb1.png
4|40|Kawa mielona i Ziarnista|Tassimo Jacobs Latte Macchiato Caramel Kawa mielona i napój mleczny (8 kapsułek)|24,99|475,2 g|https://e-szop24.pl/photos/019164_tassimo_jac_lat_mac_car_kaw_m_bb1.png
4|40|Masło i Margaryna i Smalec|Mlekovita Masło Polskie czosnkowe|4,20|100 g|https://e-szop24.pl/photos/024915_mlekmaslo_pol_czo_bb1.png
4|40|Dania|Bonduelle Leczo pieczarkowe łagodne|7,99|800 ml|https://e-szop24.pl/photos/018497_bonduelle_lec_pie_lag_bb1.png
4|40|Środki czystości|Tytan Ekspert w kuchni spray|7,99|500 ml|https://e-szop24.pl/photos/018170_tytan_eks_w_kuc_spr.png
4|40|Dodatki do wypieków|Cykoria Ekler Krem budyniowy o smaku waniliowym|3,82|250 g|https://e-szop24.pl/photos/019598_cykoria_ekl_kre_bud_o_sma_wan_bb1.png
4|40|Pielęgnacja twarzy|Bielenda Professional Formula Oczyszczająca maseczka wygładzająca|3,69|5 g|https://e-szop24.pl/photos/029209_biemaseczka_ocz_wyg_2x5_bb1.png
4|40|Kisiel|Dr.Oetker Słodka Chwila kisiel o smaku wiśniowym|1,45|30 g|https://e-szop24.pl/photos/014449_droetker_slo_chw_kis_o_sma_wi_bb1.png
4|40|Golenie i Depilacja|Gillette Fusion Proglide Wymienne ostrza 2 sztuki|42,80||https://e-szop24.pl/photos/028651_gillette_fus_pro_wym_ost_2_sz_bb1.png
4|40|Toaleta|Brise Odświeżacz powietrza w żelu marine|8,23|150 g|https://e-szop24.pl/photos/017661_brise_ods_pow_w_zel_mar_bb1.png
4|40|Sosy|Podravka Ajvar łagodny pasta warzywna|8,80|350 ml|https://e-szop24.pl/photos/017773_podravka_ajv_lag_pas_war_bb1.png
4|40|Apteczka|Rutinoscorvit Suplement diety 30 tabletek|5,46|6 g|https://e-szop24.pl/photos/030265_glaxorutinoscorvit_30_tab_bb1.png
4|40|Mleko|Mlekovita Mleko wypasione UHT 2% tł. 1L (zgrzewka)|35,80|12 szt|https://e-szop24.pl/photos/018658_mlekovita_mle_wyp_uht_2_tl_1l.png
4|40|Majonez|Hellmann's Oryginalny Majonez|8,59|420 ml|https://e-szop24.pl/photos/022321_hellmanns_ory_maj_bb1.png
4|40|Soki i Nektary|Tymbark pomarańcza 100% z mandarynką|4,99|1 L|https://e-szop24.pl/photos/010083_tymbark_pom_100_z_man_bb1.png
4|40|Kasza|Cenos Kasza owsiana  (4 torebki)|3,80|400 g|https://e-szop24.pl/photos/021376_cenkasza_ows_4x1_bb1.png
4|40|Wypieki|Delecta Proszek do pieczenia 30 g|0,73|30 g|https://e-szop24.pl/photos/019856_delecta_pro_do_pie_30_g_bb1.png
4|40|Produkty gotowe|Virtu Krokiety z serem i pieczarkami|7,25|400 g|https://e-szop24.pl/photos/018917_virtu_kro_z_ser_i_pie_bb1.png
4|40|Napoje|Kubuś Play marchew-czerw. pom.- limetka|2,35|0,4 L|https://e-szop24.pl/photos/010324_kubus_pla_mar_cze_pom_lim_bb1.png
4|40|Dania|Pudliszki Sos słodko-kwaśny łagodny|5,59|500 g|https://e-szop24.pl/photos/013113_pudliszki_sos_slo_kwa_lag_bb1.png
4|40|Warzywa świeże|Ogórek szklarniowy|2,50|1 szt|https://e-szop24.pl/photos/016131_ogorek_kra.png
4|40|Warzywa świeże|Baziółka Bazylia świeża|5,49|1 szt|https://e-szop24.pl/photos/016380_baziolka_baz_swi.png
4|40|Cukierki|Unitop-Optima Kapitańskie Karmelki nadziewane|18,80|1 kg|https://e-szop24.pl/photos/022763_optcukierki_kap_1kg_bb1.png
4|40|Sery topione i Sery pleśniowe|Hochland z szynką ser topiony (bloczek)|2,35|100 g|https://e-szop24.pl/photos/011426_hochland_z_szy_ser_top_blo_bb1.png
4|40|Zupy|Amino zupa błyskawiczna pomidorowa|1,69|61 g|https://e-szop24.pl/photos/014720_amino_zup_bly_pom_bb1.png
4|40|Ser żółty|Mlekovita Ser tarty mozzarella|3,90|150 g|https://e-szop24.pl/photos/024387_mlekovita_ser_tar_moz_bb1.png
4|40|Chrupkie|Wasa Pieczywo lekkie żytnie|5,59|140 g|https://e-szop24.pl/photos/018246_wasa_pie_lek_zyt_bb1.png
4|40|Akcesoria kuchenne|Jan Niezbędny ściereczki nasączane do kuchni|10,60|40 szt|https://e-szop24.pl/photos/018207_jan_nie_sci_nas_do_kuc_bb1.png
4|40|Zęby|Colgate Potrójne Działanie Klasyczna Mięta|7,99|100 ml|https://e-szop24.pl/photos/010739_colgate_pot_dzi_kla_mie_bb1.png
4|40|Warzywa świeże|Papryczki  habanero|6,60|100 g|https://e-szop24.pl/photos/016784_papryczki_hab.png
4|40|Soki i Nektary|Pysio banan - brzoskwinia - gruszka|1,90|0,3 L|https://e-szop24.pl/photos/010154_pysio_ban_brz_gru_bb1.png
4|40|Kisiel|Dr.Oetker Słodka Chwila z kaw. owoc. kisiel o sm. truskawkowym|1,45|31,5 g|https://e-szop24.pl/photos/014453_droetker_slo_chw_z_kaw_owo_ki_bb1.png
4|40|Pielęgnacja ciała|Nivea Balsam do ciała happy time|25,70|400 ml|https://e-szop24.pl/photos/010578_nivea_bal_do_cia_hap_tim_bb1.png
4|40|Akcesoria kuchenne|Kreis Pack Fliżanka do kawy biała 160 ml|14,99|60 szt|https://e-szop24.pl/photos/017189_kreis_pac_fli_do_kaw_bia_160_.png
4|40|Mleko|Łaciate Mleko UHT o smaku czekoladowym|1,29|200 ml|https://e-szop24.pl/photos/038221_lacmleko_cze_bb1.png
4|40|Mleko|Łaciate Mleko junior 3,8% tłuszczu|3,60|1 L|https://e-szop24.pl/photos/018649_laciate_mle_jun_38_tlu.png
4|40|Artykuły do kąpieli|Biały Jeleń Hipoalergiczny żel pod prysznic z kozim mlekiem|8,95|300 ml|https://e-szop24.pl/photos/018404_bialy_jel_hip_zel_pod_pry_z_k_bb1.png
4|40|Artykuły do kąpieli|Palmolive Naturals Migdał i Mleczko Nawilżające XXL Żel pod prysznic|16,99|500 ml|https://e-szop24.pl/photos/010525_palmolive_nat_mig_i_mle_naw_x_bb1.png
4|40|Kawa mielona i Ziarnista|Dallmayr Prodomo Kawa ziarnista|21,30|250 g|https://e-szop24.pl/photos/023014_cocdallmayr_pro_zia_bb1.png
4|40|Dania|Pamapol Fasolka po bretońsku z kiełbasą|4,99|500 g|https://e-szop24.pl/photos/016857_pamapol_fas_po_bre_z_kie_bb1.png
4|40|Soki i Nektary|Costa Multiwitamina Napój|3,50|2 l|https://e-szop24.pl/photos/026421_costa_mul_nap_bb1.png
4|40|Chemia|Lovela do kolorów Hipoalergiczny proszek do prania|25,99|1,6 kg|https://e-szop24.pl/photos/015678_lovela_do_kol_hip_pro_do_pra_bb1.png
4|40|Akcesoria kuchenne|Kreis Pack Tacka cateringowa 35X25|12,95|5 szt|https://e-szop24.pl/photos/017101_kreis_pac_tac_cat_35x.png
4|40|Wody|Kropla Beskidu woda niegazowana|2,35|1,75 L|https://e-szop24.pl/photos/010034_kropla_bes_wod_nie_bb1.png
4|40|Mleko|Gostyń Kajmak Masa krówkowa|7,99|510 g|https://e-szop24.pl/photos/018038_gostyn_mle_zag_slo_got_bb1.png
4|40|Przetwory warzywne|Dawtona Buraczki tarte|3,60|500g|https://e-szop24.pl/photos/020165_dawtona_bur_tar_bb1.png
4|40|Jogurty i Serki i Desery|Bakoma Jogurt 7 Zbóż Men Jagoda Czarna Porzeczka|3,25|300 g|https://e-szop24.pl/photos/018258_bakoma_jog_7_zbo_men_jag_cza__bb1.png
4|40|Przetwory rybne|Lisner Wiejskie filety śledziowe z cebulą|13,99|600 g|https://e-szop24.pl/photos/016592_lisner_wie_fil_sle_z_ceb_bb1.png
4|40|Bombonierki|Wawel Tiki Taki kokosowo-orzechowe Czekoladki nadziewane|36,99|1 kg|https://e-szop24.pl/photos/023936_wawczekoladki_tik_tak_1kg_bb1.png
4|40|Cukierki|nimm2 Śmiejżelki Sokki kwaśne - nadziewane żelki wzbogacone witaminami|3,89|90 g|https://e-szop24.pl/photos/022926_storsmiejzelsokki_kwa_90g_bb1.png
4|40|Przyprawy i zioła|Kamis gorczyca biała|2,59|30 g|https://e-szop24.pl/photos/012519_kamis_gor_bia_bb1.png
4|40|Zdrowa żywność|Sante Crunchy bananowe z czekoladą|7,99|350 g|https://e-szop24.pl/photos/016165_sante_cru_ban_z_cze_bb1.png
4|40|Sosy|Łowicz sos  boloński|4,15|350 g|https://e-szop24.pl/photos/013044_lowicz_sos_bol_bb1.png
4|40|Wędliny|Tarczyński Kiełbasa geesowska wieprzowa|29,99|750 g|https://e-szop24.pl/photos/018722_tarczynski_kie_gee_wie_bb1.png
4|40|Środki czystości|Kamyk Odkamieniacz w proszku|1,99|20 g|https://e-szop24.pl/photos/018237_kamyk_odk_w_pro_bb1.png
4|40|Akcesoria kuchenne|Scotch-Brite Ściereczka z mikrofibry do łazienki|15,59|52 g|https://e-szop24.pl/photos/027269_3mmikrofibra_dla_bb1.png
4|40|Sosy|Knorr Collezione Italiana Sos cztery sery z brokułami|49,99|900 g|https://e-szop24.pl/photos/019794_knorr_col_ita_sos_czt_ser_z_b_bb1.png
4|40|Makaron|De Cecco Makaron spaghetti nr.12|9,25|500 g|https://e-szop24.pl/photos/017338_de_cec_mak_spa_nr1.png
4|40|Zęby|Colodent Eksplozja wybielania Pasta do zębów|4,30|100 ml|https://e-szop24.pl/photos/028375_cp_pas_100_bb1.png
4|40|Deserki|Nestle misiowy jogurcik malina|11,45|4x100 g|https://e-szop24.pl/photos/016346_nestle_mis_jog_mal_bb1.png
4|40|Przetwory warzywne|Kapusta kwaszona (worek)|3,99|1 kg|https://e-szop24.pl/photos/016134_kapusta_kwa_wor.png
4|40|Dania|Knorr Gorący kubek Makaron bolognese|3,90|68 g|https://e-szop24.pl/photos/014545_knorr_gor_kub_mak_bol_bb1.png
4|40|Higiena intymna|Always Ultra Sensitive Super Plus Podpaski higieniczne|10,49|2 x 8 szt.|https://e-szop24.pl/photos/029821_always_ult_sen_sup_plu_pod_hi_bb1.png
4|40|Zęby|Colgate 360° Interdental Szczoteczka do zębów Miękka|17,60||https://e-szop24.pl/photos/028476_colgate_360_int_szc_do_zeb_mi_bb1.png
4|40|Akcesoria kuchenne|Jan Niezbędny Folia do żywności 30 m|4,20|1 szt|https://e-szop24.pl/photos/020214_jan_nie_fol_do_zyw_30_m_bb1.png
4|40|Chipsy i Chrupki|Cheetos Ketchup|2,49|85 g|https://e-szop24.pl/photos/012265_cheetos_ket_bb1.png
4|40|Chrupkie|Mamut Sucharki bez dodatku cukrów|4,99|285 g|https://e-szop24.pl/photos/011485_mamut_suc_bez_dod_cuk_bb1.png
4|40|Wody|Muszynianka Naturalna woda mineralna wysokozmineralizowana magnezowo-wapniowa|2,39|1,5 l|https://e-szop24.pl/photos/020152_muszynianka_nat_wod_min_wys_m_bb1.png
4|40|Jogurty i Serki i Desery|Cocio Ice Coffee Mrożony napój kawowy z mlekiem i espresso|5,49|250 ml|https://e-szop24.pl/photos/024034_arlice_cof_mil_esp_bb1.png
4|40|Artykuły kosmetyczne|Bella cotton wata bawełniana|3,30|100 g|https://e-szop24.pl/photos/016740_bella_cot_wat_baw_bb1.png
4|40|Dodatki do wypieków|Kotányi Cukier z prawdziwą wanilią|3,29|10 g|https://e-szop24.pl/photos/021793_kotacukier_z_wan_10g_bb1.png
4|40|Chipsy i Chrupki|Sunbites Pomidor z bazylią|3,99|100 g|https://e-szop24.pl/photos/018271_sunbites_pom_z_baz_bb1.png
4|40|Twarogi i Serki kanapkowe|Łaciaty Serek śmietankowy naturalny|2,99|135 g|https://e-szop24.pl/photos/024325_laciaty_ser_smi_nat_bb1.png
4|40|Akcesoria kuchenne|Velvet Ręcznik papierowy JUMBITO|15,49|1 szt|https://e-szop24.pl/photos/017803_velvet_rec_pap_jum_bb1.png
4|40|Napoje|Bobo Frut Junior 100% Sok jabłko brzoskwinia i mango po 12 miesiącu|4,80|300 ml|https://e-szop24.pl/photos/022369_bfsok_jun_jab_bb1.png
4|40|Ciastka|Leibniz ZOO Herbatniki o smaku maślanym|3,89|100 g|https://e-szop24.pl/photos/023632_leibniz_zoo_her_o_sma_mas_bb1.png
4|40|Zupy|Profi Żurek z kiełbasą wieprzową|3,99|500 g|https://e-szop24.pl/photos/014602_profi_zur_z_kie_wie_bb1.png
4|40|Środki czystości|Mr Muscle Płyn do szyb zielony|9,50|500 ml|https://e-szop24.pl/photos/012159_mr_mus_ply_do_szy_zie_bb1.png
4|40|Przetwory rybne|Lisner Włoskie Filety śledziowe w oleju z suszonymi pomidorami|16,99|600 g|https://e-szop24.pl/photos/024979_lisfilslwloskie_600_bb1.png
4|40|Dania|Łowicz pulpety w sosie pomidorowym|7,45|580 g|https://e-szop24.pl/photos/014550_lowicz_pul_w_sos_pom_bb1.png
4|40|Higiena intymna|Bella Perfecta Ultra green podpaski|5,99|10 szt|https://e-szop24.pl/photos/010766_bella_per_ult_gre_pod_bb1.png
4|40|Sosy|Knorr Fix  Spaghetti Bolognese|3,35|44 g|https://e-szop24.pl/photos/012952_knorr_fix_spa_bol_bb1.png
4|40|Higiena intymna|Bella Perfecta Ultra maxi blue podpaski|5,50|8 szt|https://e-szop24.pl/photos/010764_bella_per_ult_max_blu_pod_bb1.png
4|40|Sosy|Knorr Sos sałatkowy ogrodowy|39,99|700 g|https://e-szop24.pl/photos/019776_knorr_sos_sal_ogr_bb1.png
4|40|Sery topione i Sery pleśniowe|NaTurek Brie Figura|4,99|125g|https://e-szop24.pl/photos/011383_turek_bri_fig_bb1.png
4|40|Kostki rosołowe|Knorr delikat w płynie|3,25|174 g|https://e-szop24.pl/photos/012865_knorr_del_w_ply_bb1.png
4|40|Jogurty i Serki i Desery|Bakoma Men Pro Jogurt mango z wysoką zawartością białka pitny|3,29|230 g|https://e-szop24.pl/photos/024534_bakjogurt_men_pit_man_bb1.png
4|40|Produkty gotowe|Henglein Makaron ziemniaczany a'la kopytka|8,40|500 g|https://e-szop24.pl/photos/025080_henkopytka_500_bb1.png
4|40|Soki i Nektary|Hortex fresz jabłko,liczi,limetka, napój niegazowany|3,60|1 L|https://e-szop24.pl/photos/010309_hortex_fre_jab_nap_nie_bb1.png
4|40|Dodatki do wypieków|Dr.Oetker Cukier wanilinowy|0,98|16g|https://e-szop24.pl/photos/011588_droetker_cuk_wan_bb1.png
4|40|Konserwy i Pasztety|Profi Wielkopolska Szynka z indyka|2,79|110 g|https://e-szop24.pl/photos/019284_profi_wie_szy_z_ind_bb1.png
4|40|Makaron|Lubella Domowa Jajeczna Krajanka, Makaron|2,75|250 g|https://e-szop24.pl/photos/013432_lubella_dom_jaj_kra_mak_bb1.png
4|40|Sery topione i Sery pleśniowe|Mlekovita Mazowiecki ser topiony kremowy|1,70|100 g|https://e-szop24.pl/photos/024176_mlekserek_top_100_bb1.png
4|40|Chrupkie|Sonko Mini sucharki tradycyjne|4,49|12g|https://e-szop24.pl/photos/018261_sonko_min_suc_tra_bb1.png
4|40|Przetwory rybne|Lisner Śledzik na raz w sosie musztardowym|2,89|100 g|https://e-szop24.pl/photos/024984_lissledzna_raz_w_smu_bb1.png
4|40|Paluszki i Ciastka|Lajkonik Krakersy Super|4,50|180g|https://e-szop24.pl/photos/012282_lajkonik_kra_sup_bb1.png
4|40|Akcesoria kuchenne|Wkład do lodówki|4,50|1 szt|https://e-szop24.pl/photos/018966_wklad_do_lod.png
4|40|Ryż|Halina Ryż Gold Parboiled|4,40|4x100 g|https://e-szop24.pl/photos/021413_sawhalryz_gol_par_bb1.png
4|40|Kasza|Halina Kasza jęczmienna gruba|2,99|4x100g|https://e-szop24.pl/photos/021388_sawhalkasza_jec_bb1.png
4|40|Akcesoria kuchenne|Jan Niezbędny ściereczki nasączane uniwersalne|11,50|40 szt.|https://e-szop24.pl/photos/018205_jan_nie_sci_nas_uni.png
4|40|Sery topione i Sery pleśniowe|Hochland Serissimo Maasdamer Ser topiony (kubek)|3,99|140g|https://e-szop24.pl/photos/011436_hochland_ser_maa_ser_top_kub_bb1.png
4|40|Sosy|Winiary Sosy do makaronu Italia Sos cztery sery z bazylią|3,47|37 g|https://e-szop24.pl/photos/019849_winiary_sos_do_mak_ita_sos_cz_bb1.png
4|40|Chipsy i Chrupki|Lays Papryka|5,40|140g|https://e-szop24.pl/photos/012236_lays_pap_bb1.png
4|40|Kaszki i Kleiki|Nestle Zdrowy brzuszek kaszka 8 zbóż|11,99|250 g|https://e-szop24.pl/photos/017884_nestle_zdr_brz_kas_8_zbo_bb1.png
4|40|Deserki|Bobo Frut Smaki Dzieciństwa Jabłko gruszka po 4 miesiącu|5,40|185 g|https://e-szop24.pl/photos/022409_bfjablkogruszka_185_bb1.png
4|40|Kiełbasy i Parówki|Sokołów Orliki klasyczne|3,79|65 g|https://e-szop24.pl/photos/018360_sokolow_orl_kla.png
4|40|Przetwory warzywne|Bonduelle Bonduelki Kukurydza Złocista|3,30|170 g|https://e-szop24.pl/photos/020405_bonbonduelka_kuk_212_bb1.png
4|40|Napoje|Caprio plus napój niegazowany jabłkowy|4,35|2 L|https://e-szop24.pl/photos/010234_caprio_plu_nap_nie_jab_bb1.png
4|40|Papierosy i Tytoń|Zapałki|0,20|1 szt|https://e-szop24.pl/photos/016511_zapalki.png
4|40|Mydła|Palmolive Naturals Czarna Orchidea Mydło w płynie Zapas|12,50|750 ml|https://e-szop24.pl/photos/027483_palmolive_nat_cza_orc_myd_w_p_bb1.png
4|40|Kostki rosołowe|Winiary Bulion z grzybami leśnymi|2,85|6x10 g|https://e-szop24.pl/photos/013302_winiary_bul_z_grz_les_bb1.png
4|40|Majonez|Winiary Majonez dekoracyjny|39,99|3 L|https://e-szop24.pl/photos/022318_win_maj_300_bb1.png
4|40|Pielęgnacja włosów|Nivea Hair Care Szampon do włosów nadający blask|15,90|400 ml|https://e-szop24.pl/photos/010661_nivea_hai_car_sza_do_wlo_nad__bb1.png
4|40|Mydła|Palmolive Naturals Mleczko Oliwkowe Mydło w płynie Zapas|12,50|750 ml|https://e-szop24.pl/photos/027486_palmolive_nat_mle_oli_myd_w_p_bb1.png
4|40|Dania mrożone|Iglotex Zapiekanka z szynką i pieczarkami|3,19|190 g|https://e-szop24.pl/photos/017784_iglotex_zap_z_szy_i_pie_bb1.png
4|40|Herbata|Dilmah Moroccan Mint Green Tea 20szt|11,99|30 g|https://e-szop24.pl/photos/019237_dilmah_mor_min_gre_tea_20s_bb1.png
4|40|Artykuły do kąpieli|Apart Natural Bioflavon Nektar do kąpieli awokado i limonka|9,80|750 ml|https://e-szop24.pl/photos/027807_gloplynkapbioflawolim750m_bb1.png
4|40|Herbata|Dilmah Zestaw herbat Pick&Mix|69,99|120 szt|https://e-szop24.pl/photos/019180_dilmah_zes_her_pic_bb1.png
4|40|Pranie|E Active Caps White Kapsułki do prania  (30 sztuk)|35,99|22 g|https://e-szop24.pl/photos/026542_e_act_cap_whi_kap_do_pra_30_s_bb1.png
4|40|Akcesoria kuchenne|Paclan Woreczki do lodu samozamykające 240 kostek|2,39|10 szt|https://e-szop24.pl/photos/029506_paclan_wor_do_lod_sam_240_kos_bb1.png
4|40|Dania mrożone|FRoSTA Warzywa na patelnię Francuskie|6,90|400 g|https://e-szop24.pl/photos/025188_frosta_war_na_pat_fra_bb1.png
4|40|Chipsy i Chrupki|Cheetos Chrupki kukurydziane o smaku zielonej cebulki|4,10|145 g|https://e-szop24.pl/photos/023440_cheetos_chr_kuk_o_sma_zie_ceb_bb1.png
4|40|Przyprawy i zioła|Kamis koperek|2,25|6 g|https://e-szop24.pl/photos/012553_kamis_kop_bb1.png
4|40|Soki i Nektary|Tymbark Owoce Świata Zielony banan, banan, pomarańcza|3,62|1 L|https://e-szop24.pl/photos/010111_tymbark_owo_swi_zie_ban_ban_p_bb1.png
4|40|Zupy|Vifon Lunch Box smak grzybowy Danie błyskawiczne z kluskami łagodne|4,49|80 g|https://e-szop24.pl/photos/022577_tv_lun_box_sma_grz_80g_bb1.png
4|40|Mrożonki|Hortex Buraczki puree|3,80|450 g|https://e-szop24.pl/photos/016995_hortex_bur_pur_bb1.png
4|40|Kosmetyki|Elmex pasta dla dzieci 1-6lat|15,50|50 ml|https://e-szop24.pl/photos/015667_elmex_pas_dla_dzi_1_6la_bb1.png
4|40|Higiena intymna|Always Ultra Super Plus Podpaski higieniczne|4,99|8 szt|https://e-szop24.pl/photos/019486_always_ult_sup_plu_pod_hig_bb1.png
4|40|Chipsy i Chrupki|Lay's Fromage Chipsy ziemniaczane|3,95|80 g|https://e-szop24.pl/photos/020368_lays_fro_chi_zie_bb1.png
4|40|Sosy|Heinz Sos pieprzowy|6,24|220 ml|https://e-szop24.pl/photos/020194_heinz_sos_pie_bb1.png
4|40|Konserwy i Pasztety|Drobimex Pasztet Francuski z kurcząt|2,50|150 g|https://e-szop24.pl/photos/016493_drobimex_pas_fra_z_kur_bb1.png
4|40|Dodatki do wypieków|Delecta Krem karpatka oryginalna|4,38|250 g|https://e-szop24.pl/photos/019859_delecta_kre_kar_ory_bb1.png
4|40|Sosy|Knorr Fix  Leczo|3,25|35 g|https://e-szop24.pl/photos/012950_knorr_fix_lec_bb1.png
4|40|Majonez|Społem Kielce Majonez Kielecki|9,99|700 ml|https://e-szop24.pl/photos/018643_spolem_kie_maj_kie_bb1.png
4|40|Kiełbasy i Parówki|Tarczyński Kabanosy drobiowe extra|12,99|175 g|https://e-szop24.pl/photos/017833_tarczynski_kab_dro_ext_bb1.png
4|40|Ryby mrożone|Abramczyk Miruna nowozelandzka|18,19|400 g|https://e-szop24.pl/photos/025486_abramczyk_mir_now_bb1.png
4|40|Pielęgnacja włosów|Head & Shoulders Total Care Szampon przeciwłupieżowy dla mężczyzn|18,00|400 ml|https://e-szop24.pl/photos/027967_head_sho_tot_car_sza_prz_dla__bb1.png
4|40|Napoje|Lipton Ice tea peach, napój niegazowany|5,45|1,5 L|https://e-szop24.pl/photos/010299_lipton_ice_tea_pea_nap_nie_bb1.png
4|40|Wafle|Wafle Familijne gofrowe z musem o smaku czekoladowym|3,49|150 g|https://e-szop24.pl/photos/018466_wafle_fam_gof_z_mus_o_sma_cze_bb1.png
4|40|Mięso|Indykpol hamburgery z indyka|2,90|210 g|https://e-szop24.pl/photos/016252_indykpol_ham_z_ind_bb1.png
4|40|Środki czystości|Kiwi Pasta do butów bezbarwna|4,39|50 ml|https://e-szop24.pl/photos/027262_kiwi_pas_do_but_bez_bb1.png
4|40|Dania mrożone|Hortex Zupa ogórkowa z koperkiem|5,55|450 g|https://e-szop24.pl/photos/017020_hortex_zup_ogo_z_kop_bb1.png
4|40|Przetwory warzywne|Bonduelle Gotowane na parze Soczewica|6,59|310 g|https://e-szop24.pl/photos/020505_bonduelle_got_na_par_soc_bb1.png
4|40|Dania mrożone|Aviko Kuleczki ziemniaczane|6,42|600 g|https://e-szop24.pl/photos/017083_aviko_kul_zie_bb1.png
4|40|Kiełbasy i Parówki|Sokołów Metka tatarska|5,20|180 g|https://e-szop24.pl/photos/030309_sokmetka_tat_180_bb1.png
4|40|Sery topione i Sery pleśniowe|Hochland Śmietankowy ser topiony (krążek)|5,99|200 g|https://e-szop24.pl/photos/011420_hochland_smi_ser_top_kra_bb1.png
4|40|Wędliny|ZMB Karczek wieprzowy wiejski|7,20|100 g|https://e-szop24.pl/photos/017828_zmb_kar_wie_wie.png
4|40|Dodatki do wypieków|Dr.Oetker Ażurki z czekolady deserowej|5,70|30 g|https://e-szop24.pl/photos/016971_droetker_azu_z_cze_des_bb1.png
4|40|Pranie|Bryza Vanish Ultra 2w1 do koloru Proszek do prania i odplamiacz (62 prania)|46,60|4,65 kg|https://e-szop24.pl/photos/026498_benbryza_van_465_bb1.png
4|40|Zupy|Profi Zupa pomidorowa z makaronem|3,99|450 g|https://e-szop24.pl/photos/020767_prozupa_pom_mak_bb1.png
4|40|Herbata|Zas Yunnan Herbata czarna liściasta 100g|5,49|100 g|https://e-szop24.pl/photos/019322_zas_yun_her_cza_lis_100_bb1.png
4|40|Twarogi i Serki kanapkowe|Łaciaty Serek wiejski naturalny|2,20|200 g|https://e-szop24.pl/photos/024736_mlekserek_wie_lac_bb1.png
4|40|Mleko|Mlekovita Wypasione Mleko 3,2%|1,90|500 ml|https://e-szop24.pl/photos/024027_mlekmleko_uht_wyp_bb1.png
4|40|Środki czystości|Cif Stal nierdzewna spray|16,50|500 ml|https://e-szop24.pl/photos/017916_cif_sta_nie.png
4|40|Toaleta|Bref Power Active Gel do WC o zapachu oceanu|7,99|750 ml|https://e-szop24.pl/photos/012034_bref_pow_act_gel_do_wc_o_zap__bb1.png
4|40|Pielęgnacja ciała|Garnier Mleczko do ciała intensywna pielęgnacja bardzo suchej skóry|24,95|400 ml|https://e-szop24.pl/photos/010611_garnier_mle_do_cia_int_pie_ba_bb1.png
4|40|Pielęgnacja twarzy|Bielenda Bouquet Nature Bawełna Skuteczny 2-fazowy płyn do demakijażu oczu|10,99|140 ml|https://e-szop24.pl/photos/029249_biebawelna_pld_faz_bb1.png
4|40|Śmietanka do kawy|Blanco rotr mleko dla baristów UHT 3,2 %|3,95|1 L|https://e-szop24.pl/photos/016977_blanco_rot_mle_dla_bar_uht_32.png
4|40|Płatki śniadaniowe i Musli|Sante Musli błonnikowe z truskawką|5,89|200 g|https://e-szop24.pl/photos/021284_sanmusli_blo_tru_bb1.png
4|40|Pielęgnacja włosów|Schauma Anti-Dandruff Klasyczny szampon|10,50|400 ml|https://e-szop24.pl/photos/027976_schauma_ant_dan_kla_sza_bb1.png
4|40|Makaron|Goliard makaron gniazda wstążki|4,67|400 g|https://e-szop24.pl/photos/016709_goliard_mak_gni_wst_bb1.png
4|40|Do mycia naczyń|Pur Apple 3 action płyn do naczyń|9,99|1,35 L|https://e-szop24.pl/photos/012111_pur_app_3_act_ply_do_nac_bb1.png
4|40|Herbata|Big-Active Power of Nature Midday Sun grejpfrut z acai Herbatka  (20 torebek)|6,49|45 g|https://e-szop24.pl/photos/023172_bacgrejpfrut_z_aca_20t_bb1.png
4|40|Białe|Oskroba Chleb Dawny|2,43|500g|https://e-szop24.pl/photos/020344_oskroba_chl_daw_bb1.png
4|40|Pranie|Ariel Mountain Spring Proszek do prania  (50 prań)|54,20|3,75 kg|https://e-szop24.pl/photos/026515_ariel_mou_spr_pro_do_pra_50_p_bb1.png
4|40|Higiena intymna|Naturella Tampony Normal|4,40|8 szt|https://e-szop24.pl/photos/010797_naturella_tam_nor_bb1.png
4|40|Obiadki|Gerber Junior Spaghetti po bolońsku po 12 miesiącu|8,70|250 g|https://e-szop24.pl/photos/022439_gerdorspaghetti_po_bol_bb1.png
4|40|Środki czystości|Ajax Floral Fiesta Konwalie Płyn uniwersalny|34,99|5 l|https://e-szop24.pl/photos/026901_ajax_ply_uni_5l_bb1.png
4|40|Cukierki|Verbena Ziołowe Cukierki Melisa|2,99|60 g|https://e-szop24.pl/photos/018150_verbena_zio_cuk_mel_bb1.png
4|40|Zęby|Elmex pasta do zębów przeciw próchnicy z aminofluorkiem|15,50|75 ml|https://e-szop24.pl/photos/010759_elmex_pas_do_zeb_prz_pro_z_am_bb1.png
4|40|Ciastka|HIT o smaku kokosowym|4,99|220 g|https://e-szop24.pl/photos/014047_hit_o_sma_kok_bb1.png
4|40|Pielęgnacja włosów|Head&Shoulders szampon przeciw wypadaniu włosów, przeciwłupieżowy|12,60|225 ml|https://e-szop24.pl/photos/010670_headshoulders_sza_prz_wyp_wlo_bb1.png
4|40|Środki czystości|Clin Anty-Para Płyn do czyszczenia szyb Opakowanie uzupełniające|6,20|500 ml|https://e-szop24.pl/photos/026975_clin_ant_par_zap_500_bb1.png
4|40|Gumy i drażetki|Maoam Bloxx Guma rozpuszczalna|3,99|110 g|https://e-szop24.pl/photos/022937_haribo_mao_5x2_bb1.png
4|40|Dodatki do wypieków|Cykoria Kwas cytrynowy spożywczy|0,98|20 g|https://e-szop24.pl/photos/019615_cykoria_kwa_cyt_spo_bb1.png
4|40|Akcesoria kuchenne|Kreis Pack zestaw kubków bezbarwnych 200 ml|7,60|100 szt|https://e-szop24.pl/photos/016284_kreis_pac_zes_kub_bez_200_ml.png
4|40|Higiena intymna|Discreet Air Multiform Wkładki higieniczne|8,90|60 szt|https://e-szop24.pl/photos/029904_discreet_air_mul_wkl_hig_bb1.png
4|40|Mleko|Mlekovita Mleko UHT 3,2% tłuszczu|3,05|1L|https://e-szop24.pl/photos/010899_mlekovita_mle_uht_32_tlu_bb1.png
4|40|Zęby|Aquafresh Little Teeth Pasta do zębów dla dzieci 3-5 lat|7,29|50 ml|https://e-szop24.pl/photos/018933_aquafresh_lit_tee_pas_do_zeb__bb1.png
4|40|Czekolady|Wedel Czekolada biała|3,89|90 g|https://e-szop24.pl/photos/023843_wedczekolada_bia_90g_bb1.png
4|40|Obiadki|HiPP Marchewka z ziemniaczkami i łososiem po 5. miesiącu|6,50|190 g|https://e-szop24.pl/photos/022450_hipp_mar_z_zie_i_los_po_5_mie_bb1.png
4|40|Herbata|Big-Active Herbata zielona z owocem pigwy liściasta|5,60|100 g|https://e-szop24.pl/photos/015033_big_act_her_zie_z_owo_pig_lis_bb1.png
4|40|Cukierki|Ricola Alpejska świeżość szwajcarskie cukierki ziołowe|3,99|40 g|https://e-szop24.pl/photos/022714_indricola_zio_fre_bb1.png
4|40|Mięso|Drosed Kurczak zagrodowy|18,50|1.3 kg|https://e-szop24.pl/photos/019016_drosed_kur_zag_z_pod_1.png
4|40|Higiena intymna|Always Ultra Night Extra Protection Podpaski higieniczne ze skrzydełkami|9,99|12 szt.|https://e-szop24.pl/photos/029825_always_ult_nig_ext_pro_pod_hi_bb1.png
4|40|Ciemne i z ziarnami|Schulstad Chleb z pieca z ziarnami|4,20|660 g|https://e-szop24.pl/photos/011477_schulstad_chl_z_pie_z_zia_bb1.png
4|40|Pielęgnacja twarzy|Nivea matujący krem nawilżający na dzień|19,99|50 ml|https://e-szop24.pl/photos/017567_nivea_mat_kre_naw_na_dzi_bb1.png
4|40|Higiena intymna|Always Ultra Normal Plus Podpaski|9,49|20 szt|https://e-szop24.pl/photos/019483_always_ult_nor_plu_pod_bb1.png
4|40|Zęby|Sensodyne ProSzkliwo extra fresh|15,49|75 ml|https://e-szop24.pl/photos/018932_sensodyne_pro_ext_fre_bb1.png
4|40|Chipsy i Chrupki|Lays Chpisy prosto z pieca naturalne solone|5,40|130 g|https://e-szop24.pl/photos/017716_lays_chp_pro_z_pie_nat_sol_bb1.png
4|40|Przetwory rybne|Meg paprykarz szczeciński|2,65|330 g|https://e-szop24.pl/photos/017992_meg_pap_szc_bb1.png
4|40|Przyprawy i zioła|Prymat ziele angielskie|1,49|15 g|https://e-szop24.pl/photos/012736_prymat_zie_ang_bb1.png
4|40|Sojowe|Sante Kotlety Sojowe „a’la schabowe”|2,75|100 g|https://e-szop24.pl/photos/015446_sante_kot_soj_ala_sch_bb1.png
4|40|Galaretka|Winiary galaretka o smaku brzoskwiniowym|1,79|75 g|https://e-szop24.pl/photos/014431_winiary_gal_o_sma_brz_bb1.png
4|40|Kosmetyki|Nivea Baby krem S.O.S nutri sensitive|19,30|150 ml|https://e-szop24.pl/photos/015571_nivea_bab_kre_sos_nut_sen_bb1.png
4|40|Czekolady|Wedel Czekolada mleczna o smaku panna cotta|12,29|287 g|https://e-szop24.pl/photos/019805_wedel_cze_cot_287_bb1.png
4|40|Przyprawy i zioła|Cykoria Catering Panier do mięsa drobiu ryb i warzyw|9,90|700 g|https://e-szop24.pl/photos/019628_cykoria_cat_pan_do_mie_dro_ry_bb1.png
4|40|Mydła|Carex Kids Strawberry Candy Antybakteryjne mydło|7,80|250 ml|https://e-szop24.pl/photos/027491_carex_myd_pls_250_bb1.png
4|40|Bombonierki|Milka Alpejskie Mleczko Caramel|15,90|350 g|https://e-szop24.pl/photos/018705_milka_alp_mle_car_bb1.png
4|40|Artykuły do kąpieli|Syrena Gąbka do masażu Klio|3,69|13 g|https://e-szop24.pl/photos/027886_syrena_gab_do_mas_kli_bb1.png
4|40|Jogurty i Serki i Desery|Bakoma 7 zbóż Jogurt z truskawkami i ziarnami zbóż|3,29|300 g|https://e-szop24.pl/photos/024697_bakjogurt_7_zbo_tru_300_bb1.png
4|40|Wafle|Sonko Wafle Musli z kokosem i bananem i algami morskimi|3,30|130 g|https://e-szop24.pl/photos/011500_sonko_waf_mus_z_kok_i_ban_i_a_bb1.png
4|40|Mąka i Bułka tarta|Lubella Perfecja Speciale Mąka pszenna na pizzę|29,99|10 kg|https://e-szop24.pl/photos/020158_lubmaka_na_piz_10_kg_bb1.png
4|40|Kawa rozpuszczalna|Caféa Cykoria & kawa 250 g|17,70|250 g|https://e-szop24.pl/photos/023349_bgrcafea_pus_250_bb1.png
4|40|Dezodoranty|Adidas 6in1 Cool & Care Dezodorant antyperspirant w sprayu dla kobiet|12,19|150 ml|https://e-szop24.pl/photos/028774_adicoolcare_6w1_deo_apd_bb1.png
4|40|Przetwory warzywne|Provitus Ogórki konserwowe kozackie|6,99|640 g|https://e-szop24.pl/photos/019836_provitus_ogo_kon_koz_bb1.png
4|40|Pranie|Calgon Proszek Ochronny do pralki|16,99|500 g|https://e-szop24.pl/photos/012099_calgon_pro_och_do_pra_bb1.png
4|40|Herbata|Herbapol Zielnik Polski Melisa Herbatka ziołowa  (20 torebek)|4,10|2 g|https://e-szop24.pl/photos/023179_herbapol_zie_pol_mel_her_zio__bb1.png
4|40|Mleko|Mlekovita Mleko wypasione UHT 3,2% tł. 1L (zgrzewka)|36,50|12 szt|https://e-szop24.pl/photos/018659_mlekovita_mle_wyp_uht_32_tl_1.png
4|40|Paluszki i Ciastka|Lajkonik Paluszki o smaku Świeżej Cebulki|2,99|150 g|https://e-szop24.pl/photos/012279_lajkonik_pal_o_sma_swi_ceb_bb1.png
4|40|Jogurty i Serki i Desery|Bakoma Polskie Smaki Deser jogurtowy z wiśniami|0,89|120 g|https://e-szop24.pl/photos/024626_bakoma_pol_sma_des_jog_z_wis_bb1.png
4|40|Akcesoria kuchenne|Jan Niezbędny Zmywak kuchenny|4,20|5 szt|https://e-szop24.pl/photos/012216_jan_nie_zmy_kuc_bb1.png
4|40|Białe|Oskroba Złocisty Chleb pszenno-żytni z ziarnami|2,63|400 g|https://e-szop24.pl/photos/020347_oskroba_zlo_chl_psz_zyt_z_zia_bb1.png
4|40|Batony|Kinder Pingui Choco|1,99|30 g|https://e-szop24.pl/photos/014134_kinder_pin_cho_bb1.png
4|40|Dodatki do wypieków|Dr.Oetker Aromat waniliowy|1,65|9 ml|https://e-szop24.pl/photos/011584_droetker_aro_wan_bb1.png
4|40|Przetwory warzywne|Pudliszki Groszek konserwowy|19,99|2,6 kg|https://e-szop24.pl/photos/020375_pudgroszek_kon_26k_bb1.png
4|40|Ciastka|Hit o smaku czekoladowym Markizy|3,27|134 g|https://e-szop24.pl/photos/020272_hit_o_sma_cze_mar_bb1.png
4|40|Dżemy|Herbapol Konfitura z truskawek extra niskosłodzona|5,50|240 g|https://e-szop24.pl/photos/020068_herbapol_kon_z_tru_ext_nis_bb1.png
4|40|Zęby|Sensodyne ProSzkliwo multi-action pasta do zębów|15,49|75 ml|https://e-szop24.pl/photos/019119_sensodyne_pro_mul_act_pas_do__bb1.png
4|40|Wody|Perlage Naturalna woda mineralna musująca niskosodowa 6 x 330 ml|7,00|330 ml|https://e-szop24.pl/photos/025771_perlage_nat_wod_min_mus_nis_6_bb1.png
4|40|Zupy|Knorr Nudle ostrrry boczek|1,99|63 g|https://e-szop24.pl/photos/014663_knorr_nud_ost_boc_bb1.png
4|40|Dżemy|Herbapol Dżem malinowy niskosłodzony|4,90|280 g|https://e-szop24.pl/photos/020101_herbapol_dze_mal_nis_bb1.png
4|40|Dodatki do wypieków|Dr. Oetker Perełki kolorowe|6,20|50 g|https://e-szop24.pl/photos/020072_dr_oet_per_kol_bb1.png
4|40|Cukierki|nimm2 Śmiejżelki Mlekosmyki Żelki owocowe wzbogacone witaminami|3,89|90 g|https://e-szop24.pl/photos/022934_storck_nim_mle_90g_bb1.png
4|40|Płatki śniadaniowe i Musli|Nestle Cheerios Oats Chrupkie płatki owsiane z cynamonem|5,90|210 g|https://e-szop24.pl/photos/020110_nestle_che_oat_chr_pla_ows_z__bb1.png
4|40|Jogurty i Serki i Desery|Danone Danonki wanilia|4,15|4X50g|https://e-szop24.pl/photos/011010_danone_dan_wan_bb1.png
4|40|Dezodoranty|Nivea Antyperspirant invisible roll-on dla mężczyzn|13,99|50 ml|https://e-szop24.pl/photos/018427_nivea_ant_inv_rol_on_dla_mez_bb1.png
4|40|Obiadki|BoboVita obiadek warzywa ze schabem i kluseczkami|12,45|2sztx190 g|https://e-szop24.pl/photos/015956_bobovita_obi_war_ze_sch_i_klu_bb1.png
4|40|Mrożonki|Hortex Warzywa na patelnię z lubczykiem i rozmarynem|5,75|450 g|https://e-szop24.pl/photos/017029_hortex_war_na_pat_z_lub_i_roz_bb1.png
4|40|Kiełbasy i Parówki|Tarczyński Kabanos Klasyczny Drobiowy|15,49|385 g|https://e-szop24.pl/photos/019205_tarczynski_kab_kla_dro_bb1.png
4|40|Syropy|Paola syrop domowy wiśnia|5,50|0,43 L|https://e-szop24.pl/photos/010446_paola_syr_dom_wis_bb1.png
4|40|Orzeszki|Felix mieszanka studencka|12,45|240 g|https://e-szop24.pl/photos/016578_felix_mie_stu_bb1.png
4|40|Artykuły do kąpieli|Dove Men plus Care Clean Comfort Żel pod prysznic|17,00|400 ml|https://e-szop24.pl/photos/027607_dove_men_zel_ppr_cle_c40_bb1.png
4|40|Zdrowa żywność|Sante musli tropikalne|5,99|350 g|https://e-szop24.pl/photos/015371_sante_mus_tro_bb1.png
4|40|Zupy|Winiary Barszcz czerwony instant|48,59|1 kg|https://e-szop24.pl/photos/022537_winbarszcz_cze_1kg_bb1.png
4|40|Ziarna i nasiona|Fresco Mak niebieski|5,29|250 g|https://e-szop24.pl/photos/021741_fremak_nie_250_bb1.png
4|40|Zupy|Profi Zupa ogórkowa z mięsem z indyka|3,99|450 g|https://e-szop24.pl/photos/014600_profi_zup_ogo_z_mie_z_ind_bb1.png
4|40|Zęby|Blend-A-Med Przeciwpróchnicza Świeża Mięta Pasta do zębów|5,99|100 ml|https://e-szop24.pl/photos/028360_blend_a_med_prz_swi_mie_pas_d_bb1.png