40|Wafle|Princessa Longa Kokosowa|1,70|49 g|https://e-szop24.pl/photos/014157_princessa_lon_kok_bb1.png
40|Przetwory rybne|Lisner Filety śledziowe w sosie jogurtowym|6,99|280 g|https://e-szop24.pl/photos/018390_lisner_fil_sle_w_sos_jog_bb1.png
40|Toaleta|Ambi Pur Gel Crystals Fresh & Cool Odświeżacz powietrza w żelu|12,99|150 g|https://e-szop24.pl/photos/027168_ambi_pur_gel_cry_fre_coo_ods__bb1.png
40|Apteczka|Plusssz magnez|7,99|1szt|https://e-szop24.pl/photos/012342_plusssz_mag_1.png
40|Czekolady|Milka Czekolada Raspberry Cream|3,99|100 g|https://e-szop24.pl/photos/019455_milka_cze_ras_cre_bb1.png
40|Dla kota|Gourmet Gold Mus z tuńczykiem Pełnoporcjowa karma dla dorosłych kotów|8,60|340 g|https://e-szop24.pl/photos/030197_gourmet_gol_mus_z_tun_pel_kar_bb1.png
40|Herbata|Astra Herbata rooibos o smaku maliny z grapefruitem|5,05|25 szt|https://e-szop24.pl/photos/019144_astra_her_roo_o_sma_mal_z_gra_1.png
40|Dania|Kuchnia Staropolska Gołąbki w sosie pomidorowym|5,69|700 g|https://e-szop24.pl/photos/020750_kuchstgolabki_w_sos_700_bb1.png
40|Masło, Margaryna, Smalec|Masmix klasyczny, margaryna|5,99|400 g|https://e-szop24.pl/photos/013649_masmix_kla_mar_bb1.png
40|Obiadki|HiPP Cukinia z ziemniakami po 4. miesiącu|4,60|125 g|https://e-szop24.pl/photos/022447_hipp_cuk_z_zie_po_4_mie_bb1.png
40|Czekolady|Kinder niespodzianka|3,20|20 g|https://e-szop24.pl/photos/013928_kinder_nie_bb1.png
40|Batony|Wedel Chałwa Królewska Waniliowa|9,60|250 g|https://e-szop24.pl/photos/014151_wedel_cha_kro_wan_bb1.png
40|Masło, Margaryna, Smalec|Margaryna Flora standard|5,05|250 g|https://e-szop24.pl/photos/013645_margaryna_flo_sta_bb1.png
40|Zupy|Amino zupa błyskawiczna rosół|1,69|57 g|https://e-szop24.pl/photos/014721_amino_zup_bly_ros_bb1.png
40|Herbata|Astra Herbata rooibos w saszetkach|12,50|75 szt|https://e-szop24.pl/photos/019147_astra_her_roo_w_sas_1.png
40|Zupy|Profi Zupa gulaszowa z warzywami i tymiankiem|3,99|450 g|https://e-szop24.pl/photos/020768_prozupa_gul_bb1.png
40|Środki czystości|Kiwi Color Shine pasta w płynie do obuwia brązowa|9,49|50 ml|https://e-szop24.pl/photos/017649_kiwi_col_shi_pas_w_ply_do_obu_bb1.png
40|Deserki|HiPP BIO Jabłkowe wafelki ryżowe po 7. miesiącu|5,60|30 g|https://e-szop24.pl/photos/022529_hipp_bio_jab_waf_ryz_po_7_mie_bb1.png
40|Ryż|House of Asia ryż do sushi|12,23|500 g|https://e-szop24.pl/photos/016959_house_of_asi_ryz_do_sus_bb1.png
40|Toaleta|Domestos Power 5 Lime Green Kostka toaletowa|6,50|55 g|https://e-szop24.pl/photos/027093_domestos_pow_5_lim_gre_kos_to_bb1.png
40|Pielęgnacja twarzy|Nivea Q10 Plus  krem przeciwzmarszczkowy na dzień|44,50|50 ml|https://e-szop24.pl/photos/010625_nivea_q10_plu_kre_prz_na_dzi_bb1.png
40|Soki, Nektary|Hortex multiwitamina sok|4,79|1 L|https://e-szop24.pl/photos/010058_hortex_mul_nek_bb1.png
40|Chipsy, Chrupki|Crunchips X-cut Kebab z cebulką|5,99|150g|https://e-szop24.pl/photos/012256_crunchips_x_cut_keb_z_ceb_bb1.png
40|Soki, Nektary|Hortex sok jabłkowy|7,44|2 L|https://e-szop24.pl/photos/010044_hortex_nek_jab_bb1.png
40|Syropy|Herbapol Owocowa Spiżarnia Malina z żurawiną Syrop owocowy|7,85|680 ml|https://e-szop24.pl/photos/026316_herbapol_owo_spi_mal_z_zur_sy_bb1.png
40|Dania mrożone|Aviko Frytki zig zag karbowane do piekarnika|8,76|750 g|https://e-szop24.pl/photos/017080_aviko_fry_zig_zag_kar_do_pie_bb1.png
40|Mięso|Golonka Wieprzowa przód cięta|14,99|1 kg|https://e-szop24.pl/photos/038440_golonka_wie_prz_cie_1.png
40|Środki czystości|Ajax Floral Fiesta Polne Kwiaty Płyn uniwersalny|34,99|5 l|https://e-szop24.pl/photos/026899_ajax_ply_uni_5l_bb1.png
40|Kiełbasy, Parówki|Morliny Berlinki Parówki wieprzowe z papryką|5,99|250g|https://e-szop24.pl/photos/011708_morliny_ber_par_wie_z_pap_bb1.png
40|Herbata|Dilmah Green Tea mieszanka 40szt|23,99|80 g|https://e-szop24.pl/photos/000000_no_i.png
40|Obiadki|Gerber Moje pierwsze mięsko Delikatny indyk po 6 miesiącu|5,70|80 g|https://e-szop24.pl/photos/022437_gerdelikatny_ind_80g_bb1.png
40|Herbata|Ekland Napój herbaciany instant o smaku malinowym z witaminą C|4,49|300 g|https://e-szop24.pl/photos/019306_ekland_nap_her_ins_o_sma_mal__bb1.png
40|Jogurty, Serki, Desery|Bakoma deser Satino waniliowy z bitą śmietaną|1,45|170g|https://e-szop24.pl/photos/011134_bakoma_des_sat_wan_z_bit_smi_bb1.png
40|Do mycia naczyń|Pur Balsam dłonie i paznokcie płyn do naczyń + calcium|9,99|1,35 L|https://e-szop24.pl/photos/018564_pur_bal_dlo_i_paz_ply_do_nac__bb1.png
40|Twarogi, Serki kanapkowe|Hochland Almette z czosnkiem niedźwiedzim|3,99|150g|https://e-szop24.pl/photos/011345_hochland_alm_z_czo_nie_bb1.png
40|Masło, Margaryna, Smalec|ZPT Ekstra Pomorski na maśle|5,85|400 g|https://e-szop24.pl/photos/016924_zpt_eks_pom_na_mas_bb1.png
40|Toaleta|Velvet Nawilżany papier toaletowy rumianek i aloes|6,19|42 sztuki|https://e-szop24.pl/photos/030135_velvet_naw_pap_toa_rum_i_alo_bb1.png
40|Do mycia naczyń|Pur Balsam aloe vera płyn do naczyń|29,99|4,5 L|https://e-szop24.pl/photos/018583_pur_bal_alo_ver_ply_do_nac_bb1.png
40|Kawa mielona, Ziarnista|Tchibo Cafissimo Caffè Crema Rich Aroma Kawa mielona w kapsułkach  (10 sztuk)|16,99|76 g|https://e-szop24.pl/photos/023057_cafcaffcrema_ric_aro_bb1.png
40|Przetwory rybne|Lisner Filety śledziowe po kaszubsku z cebulką smażoną|15,55|600 g|https://e-szop24.pl/photos/016589_lisner_fil_sle_po_kas_z_ceb_s_bb1.png
40|Batony|Wafelki Góralki Mleczne|1,25|50 g|https://e-szop24.pl/photos/019135_wafelki_gor_mle_bb1.png
40|Cukiernia|Cukiernia Walaszyk Babka cytrynowa|11,50|400 g|https://e-szop24.pl/photos/017038_cukiernia_wal_bab_cyt.png
40|Wody|Cisowianka woda gazowana|1,35|0,5 L|https://e-szop24.pl/photos/010009_cisowianka_wod_gaz_bb1.png
40|Owoce suszone, Orzechy|Bakalland Popcorn o smaku maślanym|3,50|90 g|https://e-szop24.pl/photos/017156_bakalland_pop_o_sma_mas_bb1.png
40|Toaleta|Bref Kostka toaletowa power aktiv chlorine|6,30|50 g|https://e-szop24.pl/photos/018161_bref_kos_toa_pow_akt_chl_bb1.png
40|Zęby|Colgate Barbie Szczoteczka do zębów na baterie|31,20||https://e-szop24.pl/photos/028480_colgszczotmotion_ddz_bar_bb1.png
40|Pranie|Bryza Ekspert do białego Proszek do prania|59,99|6,375 kg|https://e-szop24.pl/photos/026535_bryza_eks_do_bia_pro_do_pra_bb1.png
40|Twarogi, Serki kanapkowe|Tartare Śmietankowa Łąka|4,99|150g|https://e-szop24.pl/photos/011361_tartare_smi_lak_bb1.png
40|Białe|Asprod Chleb zwykły krojony|2,59|1 szt|https://e-szop24.pl/photos/018939_asprod_chl_zwy_kro.png
40|Kostki rosołowe|Vegeta przyprawa warzywna do potraw|4,85|200 g|https://e-szop24.pl/photos/012856_vegeta_prz_war_do_pot_bb1.png
40|Dezodoranty|Fa Men Sport Double Power Power Boost Dezodorant w kulce|11,10|50 ml|https://e-szop24.pl/photos/028926_fa_rol_on_spo_pow_50m_bb1.png
40|Pielęgnacja ciała|Bielenda Golden Oils Ultra ujędrniające masło do ciała|22,69|200 ml|https://e-szop24.pl/photos/027866_biegolden_oil_mas_dc2_bb1.png
40|Obiadki|HiPP Makaron z rybą morską i brokułami po 7. miesiącu|7,80|220 g|https://e-szop24.pl/photos/022454_hipp_mak_z_ryb_mor_i_bro_po_7_bb1.png
40|Przetwory rybne|Graal Szprot w sosie pomidorowym|3,99|170 g|https://e-szop24.pl/photos/017933_graal_szp_w_sos_pom_bb1.png
40|Czekolady|Wedel Karmellove! Czekolada karmelowa z solonymi orzeszkami|3,89|90 g|https://e-szop24.pl/photos/019811_wedczekkarmz_sol_bb1.png
40|Dla psa|Higio Żwirek dla kota silikonowy|24,99|3,8 l|https://e-szop24.pl/photos/020136_higio_zwi_dla_kot_sil_bb1.png
40|Deserki|Hipp Truskawki i maliny z jogurtem|14,50|2x160 g|https://e-szop24.pl/photos/016068_hipp_tru_i_mal_z_jog_bb1.png
40|Akcesoria|Canpol Babies grzechotka piłeczka|6,99|1 szt|https://e-szop24.pl/photos/016272_canpol_bab_grz_pil.png
40|Toaleta|Bref WC with Fresh Pearls Pine Żel do toalet (zapas)|14,99|360 ml|https://e-szop24.pl/photos/019925_bref_zel_pin_for_360_bb1.png
40|Dla kota|Gourmet Gold Kawałki w sosie Pełnoporcjowa karma dla dorosłych kotów|8,60|340 g|https://e-szop24.pl/photos/030199_gourmet_gol_kaw_w_sos_pel_kar_bb1.png
40|Octy|Kamis Ocet Winny z Białego Wina|9,25|250 ml|https://e-szop24.pl/photos/013271_kamis_oce_win_z_bia_win_bb1.png
40|Artykuły do kąpieli|Adidas Dynamic Pulse 3 Żel pod prysznic do ciała włosów i twarzy|13,59|400 ml|https://e-szop24.pl/photos/027590_adizel_ppr_400_bb1.png
40|Do mycia naczyń|Fairy Orange&lemongrass płyn do naczyń|7,39|900 ml|https://e-szop24.pl/photos/017261_fairy_ora_ply_do_nac_bb1.png
40|Dżemy|Herbapol Powidła węgierkowe|5,20|290 g|https://e-szop24.pl/photos/020099_herbapol_pow_weg_bb1.png
40|Kawa mielona, Ziarnista|Prima Finezja kawa mielona|17,99|500 g|https://e-szop24.pl/photos/015251_prima_fin_kaw_mie_bb1.png
40|Środki czystości|Clin Windows & Glass Środek do czyszczenia okien z alkoholem|7,29|500 ml|https://e-szop24.pl/photos/026986_clin_win_gla_sro_do_czy_oki_z_bb1.png
40|Herbata|Ekland Napój herbaciany instant o smaku owoców leśnych z witaminą C|4,49|300 g|https://e-szop24.pl/photos/019065_ekland_nap_her_ins_o_sma_owo__bb1.png
40|Przetwory warzywne|Rolnik Buraki konserwowe tarte|2,60|370ml|https://e-szop24.pl/photos/011903_rolnik_bur_kon_tar_bb1.png
40|Przetwory warzywne|Rolnik Cebulka złocista|4,60|295 ml|https://e-szop24.pl/photos/011874_rolnik_ceb_zlo_bb1.png
40|Wędliny|Drobimex szynka delikatesowa z kurcząt|4,25|100 g|https://e-szop24.pl/photos/016535_drobimex_szy_del_z_kur_bb1.png
40|Napoje|Coca-Cola light, napój gazowany|3,99|1 L|https://e-szop24.pl/photos/010339_coca_col_lig_nap_gaz_bb1.png
40|Mleko|Gostyń Mleko zagęszczone niesłodzone light 4% tłuszczu|3,99|500g|https://e-szop24.pl/photos/010921_gostyn_mle_zag_nie_lig_4_tlu_bb1.png
40|Pielęgnacja twarzy|Nivea żel do mycia twarzy|17,20|150 ml|https://e-szop24.pl/photos/010620_nivea_zel_do_myc_twa_bb1.png
40|Mleko|Polmlek Łagodne Mleko lekkostrawne UHT 2%|3,75|1 L|https://e-szop24.pl/photos/024030_polmleko_uht_2_lag_1l_bb1.png
40|Czekolada, Kakao|Celiko Gumiś Napój kakaowy instant|6,20|500 g|https://e-szop24.pl/photos/023327_celiko_kak_gum_500_bb1.png
40|Sosy|Knorr Sos pieczeniowy w paście|65,95|1,2 kg|https://e-szop24.pl/photos/019788_knorr_sos_pie_w_pas_bb1.png
40|Owoce świeże|Grejpfrut czerwony|3,49|400 g|https://e-szop24.pl/photos/016768_grejpfrut_cze.png
40|Sosy|Knorr Esencja do sosu pieczeniowego jasnego (2 sztuki)|4,49|58 g|https://e-szop24.pl/photos/019762_knorr_ese_pie_bb1.png
40|Bombonierki|Wedel WedLove Czekoladki mleczne|12,99|117 g|https://e-szop24.pl/photos/019808_wedel_wed_cze_mle_bb1.png
40|Toaleta|Air Wick Life Scents Wkład do odświeżacza powietrza o zapachu domowego ciasta|16,99|19 ml|https://e-szop24.pl/photos/027149_air_wic_lif_sce_wkl_do_ods_po_bb1.png
40|Kostki rosołowe|Kucharek Rosół z kury|1,55|60 g|https://e-szop24.pl/photos/013313_kucharek_ros_z_kur_bb1.png
40|Wafle|Prince Polo Orzechowe|1,25|35 g|https://e-szop24.pl/photos/014265_prince_pol_orz_bb1.png
40|Przetwory owocowe|Rolnik Jagody w syropie|6,99|320 g|https://e-szop24.pl/photos/011788_rolnik_jag_w_syr.png
40|Ciastka|Krakuski Duelki Herbatniki posypane cukrem z czekoladą mleczną|4,99|181 g|https://e-szop24.pl/photos/023640_krakuski_due_her_pos_cuk_z_cz_bb1.png
40|Gumy i drażetki|Skawa Draże o smaku śmietankowym|1,49|70 g|https://e-szop24.pl/photos/020151_skawa_dra_o_sma_smi_bb1.png
40|Dla kota|Whiskas Adult z wołowiną|18,35|1,4kg|https://e-szop24.pl/photos/012442_whiskas_adu_z_wol_i_wat_bb1.png
40|Zupy|Pamapol Flaczki wołowe w rosole|7,99|500 g|https://e-szop24.pl/photos/016856_pamapol_fla_wol_w_ros_bb1.png
40|Przetwory rybne|Seko Koreczki śledziowe po meksykańsku|5,99|220 g|https://e-szop24.pl/photos/024949_seko_kor_sle_po_mek_bb1.png
40|Ketchup|Kotlin Ketchup łagodny|4,99|450 g|https://e-szop24.pl/photos/013166_kotlin_ket_lag_bb1.png
40|Koncentraty|Podravka Pomidory krojone klasyczne|3,99|390 g|https://e-szop24.pl/photos/020794_podpomidory_kro_390_bb1.png
40|Napoje|Tymbark napój niegazowany pomarańcza-brzoskwinia Aseptic|5,60|2 L|https://e-szop24.pl/photos/010266_tymbark_nap_nie_pom_brz_ase_bb1.png
40|Ciastka|Jeżyki Kokos najeżone bakaliami|4,80|140 g|https://e-szop24.pl/photos/023580_jezyki_kok_naj_bak_bb1.png
40|Wody|Perrier Woda gazowana czteropak|18,99|4x330ml|https://e-szop24.pl/photos/018032_perrier_wod_gaz_czt_bb1.png
40|Białe|Bułka kajzerka|0,49|1 szt|https://e-szop24.pl/photos/011445_bulka_kaj.png
40|Przetwory rybne|Lisner Śledzik na raz z cebulką|2,89|100 g|https://e-szop24.pl/photos/024987_lisner_sle_na_raz_z_ceb_bb1.png
40|Chipsy, Chrupki|Crunchips X-cut Papryka|5,99|150g|https://e-szop24.pl/photos/012260_crunchips_x_cut_pap_bb1.png
40|Artykuły kosmetyczne|Cleanic Aqua chusteczki odświeżające travel|7,35|40 szt|https://e-szop24.pl/photos/018412_cleanic_aqu_chu_ods_tra_bb1.png
40|Chipsy, Chrupki|Cheetos Chrupki kukurydziane o smaku serowo-ketchupowym|4,10|145 g|https://e-szop24.pl/photos/023439_cheetos_chr_kuk_o_sma_ser_ket_bb1.png
40|Wypieki|Delecta Sernik błyskawiczny jogurtowy|5,99|183 g|https://e-szop24.pl/photos/011575_delecta_ser_bly_jog_bb1.png
40|Konserwy, Pasztety|Krakus Wieprzowina w sosie własnym konserwa|7,99|300 g|https://e-szop24.pl/photos/019458_krakus_wie_w_sos_wla_kon_bb1.png
40|Majonez|Develey Sos kebab ostry|10,99|880 g|https://e-szop24.pl/photos/022099_develey_sos_keb_ost_bb1.png
40|Przetwory warzywne|Bonduelle Bonduelki Groszek ekstradrobny|3,10|212 ml|https://e-szop24.pl/photos/019994_bonduelle_bon_gro_eks_bb1.png
40|Dodatki do wypieków|Dr.Oetker Różyczki opłatki kolorowe|5,90|20 g|https://e-szop24.pl/photos/016972_droetker_roz_opl_kol_bb1.png
40|Konserwy, Pasztety|Profi Pasztet Dworski z królikiem|3,99|105 g|https://e-szop24.pl/photos/019267_profi_pas_dwo_z_kro_bb1.png
40|Makaron|Lubella Classic Makaron Spaghetti nr 4|3,79|500 g|https://e-szop24.pl/photos/013411_lubella_cla_mak_spa_nr_4_bb1.png
40|Kaszki, Kleiki|BoboVita kaszka mleczno-ryżowa o smaku waniliowym|9,30|230 g|https://e-szop24.pl/photos/015838_bobovita_kas_mle_ryz_o_sma_wa_bb1.png
40|Białe|Oskroba Królewski Chleb pszenno-żytni|2,79|400 g|https://e-szop24.pl/photos/020348_oskroba_kro_chl_psz_zyt_bb1.png
40|Mięso|Żołądki z kurcząt|8,99|900 g|https://e-szop24.pl/photos/016947_drobimex_zol_z_kur.png
40|Octy|Kamis Ocet Jabłkowy|7,95|250 ml|https://e-szop24.pl/photos/013273_kamis_oce_jab_bb1.png
40|Sosy|Knorr Sos sałatkowy Koperkowo-ziołowy|1,45|9 g|https://e-szop24.pl/photos/012975_knorr_sos_sal_kop_zio_bb1.png
40|Dla psa|Chappi z wołowiną drobiem i warzywami Karma pełnoporcjowa|69,95|13,5 kg|https://e-szop24.pl/photos/030090_chappi_wol_135_bb1.png
40|Galaretka|Cykoria Galaretka o smaku agrestowym|1,38|75 g|https://e-szop24.pl/photos/019706_cykoria_gal_o_sma_agr_bb1.png
40|Kosmetyki|Johnson's Baby łagodzący płyn do mycia ciała i włosów 3w1 Top To Toe|19,99|500 ml|https://e-szop24.pl/photos/017258_johnsons_bab_lag_ply_do_myc_c_bb1.png
40|Golenie, Depilacja|Gillette Mach3 Sensitive Pianka do golenia|11,60|250 ml|https://e-szop24.pl/photos/028556_gillette_mac_sen_pia_do_gol_bb1.png
40|Przetwory warzywne|Rolnik Bób konserwowy|4,99|400 g|https://e-szop24.pl/photos/020518_rolbob_kon_400_bb1.png
40|Olej, Oliwa|Kujawski Olej|4,99|0,5 L|https://e-szop24.pl/photos/013589_kujawski_ole_bb1.png
40|Dezodoranty|Nivea Antyperspirant Silver Protect dla mężczyzn|12,50|150 ml|https://e-szop24.pl/photos/016772_nivea_ant_sil_pro_dla_mez_bb1.png
40|Cukier|Diamant Cukier trzcinowy nierafinowany puder|5,20|300 g|https://e-szop24.pl/photos/021243_diamcukier_trz_300_bb1.png
40|Cukier|Diamant Cukier cynamonowy|3,99|200 g|https://e-szop24.pl/photos/013360_diamant_cuk_cyn_bb1.png
40|Napoje|Bobo Frut 100% Sok jabłko winogrona i jagody po 4 miesiącu|4,80|300 ml|https://e-szop24.pl/photos/022368_bobo_fru_100_sok_jab_win_i_ja_bb1.png
40|Dania mrożone|FRoSTA Szpinak z serem|8,40|300 g|https://e-szop24.pl/photos/025229_frosta_szp_z_ser_bb1.png
40|Pranie|E Koncentrat do płukania tkanin Welurowy Dotyk|19,99|2 L|https://e-szop24.pl/photos/018449_e_kon_do_plu_tka_wel_dot_bb1.png
40|Sery topione, Sery pleśniowe|Lazur Ser pleśniowy błękitny|4,99|100 g|https://e-szop24.pl/photos/016552_lazur_ser_pes_ble.png
40|Dezodoranty|Rexona Men Cobalt Dezodorant w sztyfcie|13,50|50 ml|https://e-szop24.pl/photos/010724_rexona_men_cob_dez_w_szt_bb1.png
40|Chemia|Jelp Fresh Do białego Hipoalergiczny proszek do prania|48,99|2,24 Kg|https://e-szop24.pl/photos/015682_jelp_fre_do_bia_hip_pro_do_pr_bb1.png
40|Śmietany, Śmietanki|Łaciata Śmietanka 18%|4,15|0,5L|https://e-szop24.pl/photos/011246_laciata_smi_18.png
40|Kasza|Halina Kasza gryczana prażona|4,99|4x100 g|https://e-szop24.pl/photos/021391_sawkasza_gry_4x1_bb1.png
40|Batony|Lion baton|1,25|42 g|https://e-szop24.pl/photos/014167_lion_bat_bb1.png
40|Przetwory warzywne|Rolnik Cebulka perłowa|4,60|295 g|https://e-szop24.pl/photos/011873_rolnik_ceb_per_bb1.png
40|Pranie|Ariel Professional Regular Proszek do prania (100 prań)|98,99|7,5 kg|https://e-szop24.pl/photos/026482_ariel_pro_reg_pro_do_pra_100__bb1.png
40|Pielęgnacja twarzy|Nivea Tonik łagodzący|16,99|200 ml|https://e-szop24.pl/photos/017645_nivea_ton_lag_bb1.png
40|Owoce suszone, Orzechy|Helio Śliwki suszone|8,80|200 g|https://e-szop24.pl/photos/019551_helio_slo_owo_sli_kal_bb1.png
40|Soki, Nektary|Caprio plus napój niegazowany jabłkowo-aroniowo-wiśniowy|4,35|2 L|https://e-szop24.pl/photos/010235_caprio_plu_nap_nie_jab_aro_wi_bb1.png
40|Musztarda|Społem Kielce Musztarda Kielecka Musztarda chrzanowa|2,59|190 g|https://e-szop24.pl/photos/022277_skmusztarda_kie_bb1.png
40|Twarogi, Serki kanapkowe|NaTurek Nasz Puszysty z rzodkiewką Serek twarogowy|3,99|140 g|https://e-szop24.pl/photos/024344_naturek_nas_pus_z_rzo_ser_twa_bb1.png
40|Pielęgnacja twarzy|AA Technologia Wieku 70+ Intensywne Odżywianie Krem intensywnie regenerujący 24H|26,49|50 ml|https://e-szop24.pl/photos/029046_aa_kre_70_int_50_bb1.png
40|Kiełbasy, Parówki|Tarczyński Parówki z szynki|5,99|220 g|https://e-szop24.pl/photos/018084_tarczynski_par_z_szy_bb1.png
40|Obiadki|HiPP BIO Zupka wiosenna z cielęciną po 5. miesiącu|7,20|190 g|https://e-szop24.pl/photos/022431_hipp_bio_zup_wio_z_cie_po_5_m_bb1.png
40|Przetwory owocowe|Dawtona Mus jabłkowy|4,99|720 g|https://e-szop24.pl/photos/020166_dawtona_mus_jab_bb1.png
40|Wypieki|Balviten Mufinki Balvbinki Mieszanka do wypieku ciasta|10,40|280 g|https://e-szop24.pl/photos/021835_balmufinki_z_kaw_bb1.png
40|Kiełbasy, Parówki|Masarnia u Józefa kiełbasa swojska z cielęciną|19,99|800 g|https://e-szop24.pl/photos/018092_masarnia_u_joz_kie_swo_z_cie.png
40|Deserki|BoboVita Deserek Jabłka ze słodką marchewką po 4 miesiącu|7,80|2x125g|https://e-szop24.pl/photos/019418_bobovita_des_jab_ze_slo_mar_p_bb1.png
40|Dodatki do wypieków|Dr. Oetker Motylki cukrowe|6,69|35 g|https://e-szop24.pl/photos/021812_dr_oet_mot_cuk_bb1.png
40|Konserwy, Pasztety|Krakus Pasztet z pieca|9,99|275 g|https://e-szop24.pl/photos/018418_krakus_pas_z_pie_bb1.png
40|Czekolady|Milka Raisin & Nut|3,99|100 g|https://e-szop24.pl/photos/013891_milka_rai_nut_bb1.png
40|Mydła|Carex Pure Blue Antybakteryjne mydło w płynie opakowanie uzupełniające|8,80|500 ml|https://e-szop24.pl/photos/027494_carex_plp_blu_zap_500_bb1.png
40|Wypieki|Henglein Ciasto na tartę|6,79|250 g|https://e-szop24.pl/photos/025117_henciasto_na_tar_250_bb1.png
40|Wody|Cisowianka woda lekko gazowana (zgrzewka)|14,99|12X0,5L|https://e-szop24.pl/photos/018969_cisowianka_wod_lek_gaz_zgr_bb1.png
40|Zęby|Bobini Pasta do zębów 1-6 lat|6,10|75 ml|https://e-szop24.pl/photos/028399_glopasta_bob_75m_bb1.png
40|Ciemne, z ziarnami|Mestemacher Chleb żytni pełnoziarnisty|4,99|500 g|https://e-szop24.pl/photos/011459_mestemacher_chl_zyt_pel_bb1.png
40|Kosmetyki|Nivea Baby Chusteczki Toddies|10,99|60 szt|https://e-szop24.pl/photos/015575_nivea_bab_chu_tod_bb1.png
40|Pielęgnacja twarzy|Bielenda Color Control 10 w 1 Innowacja Multifunkcyjny krem korygujący|26,49|175 ml|https://e-szop24.pl/photos/027865_biecc_10w_kre_kor_bb1.png
40|Higiena intymna|Bella Panty Soft|3,95|20 szt|https://e-szop24.pl/photos/010781_bella_pan_sof_bb1.png
40|Wędliny|Morliny Salami pepperoni|6,99|100 g|https://e-szop24.pl/photos/011699_morliny_sal_pep_bb1.png
40|Bezglutenowe|Balviten Piekarz Królewski wieloziarnisty mix Koncentrat do wypieku chleba|9,99|400 g|https://e-szop24.pl/photos/021539_balroyal_bak_wzi_bb1.png
40|Dodatki do wypieków|Dr.Oetker Proszek do pieczenia|1,10|30 g|https://e-szop24.pl/photos/011603_droetker_pro_do_pie_bb1.png
40|Sałatki|Lisner Salateria sałatka polska tradycyjna warzywna|3,85|250 g|https://e-szop24.pl/photos/016662_lisner_sal_sal_pol_tra_war_bb1.png
40|Ryby mrożone|Frosta Przysmak rybny z serem i ziołami|7,90|220 g|https://e-szop24.pl/photos/017223_frosta_prz_ryb_z_ser_i_zio_bb1.png
40|Makaron|Tao Tao Makaron ryżowy nitki|6,60|200 g|https://e-szop24.pl/photos/013446_tao_tao_mak_ryz_nit_bb1.png
40|Bombonierki|Wedel Czekoladki Chopin|43,99|263 g|https://e-szop24.pl/photos/014291_wedel_cze_cho_bb1.png
40|Golenie, Depilacja|Gillette Series Nawilżający żel do golenia|18,50|200 ml|https://e-szop24.pl/photos/016500_gillette_ser_naw_zel_do_gol_bb1.png
40|Przetwory warzywne|Dawtona Przecier pomidorowy|2,94|500 g|https://e-szop24.pl/photos/020209_dawtona_prz_pom_bb1.png
40|Pielęgnacja twarzy|Garnier Upiększający krem BB 5 w 1 skóra mieszana i tłusta cera jasna 40 ml|19,99|40 ml|https://e-szop24.pl/photos/019897_garnier_upi_kre_bb_5_w_1_sko__bb1.png
40|Czekolada, Kakao|La Festa Chocolatta classico, czekolada do picia|5,25|150 g|https://e-szop24.pl/photos/015283_la_fes_cho_cla_cze_do_pic_bb1.png
40|Dania|Pudliszki flaki wołowe w rosole|9,50|500 g|https://e-szop24.pl/photos/014561_pudliszki_fla_wol_w_ros_bb1.png
40|Soki, Nektary|Garden jabłko, napój niegazowany|4,59|2 L|https://e-szop24.pl/photos/010230_garden_jab_nap_nie_bb1.png
40|Ketchup|Pudliszki Pudliszek Ketchup dla dzieci|5,05|275 g|https://e-szop24.pl/photos/022085_pudliszki_pud_ket_dla_dzi_bb1.png
40|Herbata|Vitax Zioła pokrzywa|2,99|20X1,5 g|https://e-szop24.pl/photos/014773_vitax_zio_pok_bb1.png
40|Śmietany, Śmietanki|Zott Śmietana naturalna rozkosz 18%|1,75|180 g|https://e-szop24.pl/photos/011263_zott_smi_luk_18.png
40|Dania|Łowicz sos chiński|5,45|500 g|https://e-szop24.pl/photos/013047_lowicz_sos_chi_bb1.png
40|Herbata|Zas Herbata Garden Tea 100szt|13,49|200 g|https://e-szop24.pl/photos/000000_no_i.png
40|Masło, Margaryna, Smalec|Margaryna Delma do kanapek|2,99|500 g|https://e-szop24.pl/photos/013640_margaryna_del_do_kan_bb1.png
40|Przetwory rybne|Contimax Koreczki śledziowe kalifornijskie w klimacie śliwkowym|10,50|300 g|https://e-szop24.pl/photos/024940_conkoreczki_sle_bb1.png
40|Herbata|Big-Active Herbata czerwona Pu-erh cytrynowa ekspresowa|7,30|40 szt|https://e-szop24.pl/photos/015021_big_act_her_cze_pu_erh_cyt_ek_bb1.png
40|Ser żółty|Mlekovita Ser Gouda plastry|4,75|150 g|https://e-szop24.pl/photos/011281_mlekovita_ser_gou_pla_bb1.png
40|Kisiel|Dr.Oetker Słodka Chwila z kaw. owoców kisiel owoce leśne|1,45|31,5 g|https://e-szop24.pl/photos/014458_droetker_slo_chw_z_kaw_owo_ki_bb1.png
40|Kefir|Milko Kefir|1,79|330 ml|https://e-szop24.pl/photos/011201_milko_kef.png
40|Dodatki do wypieków|Dr.Oetker Śmietan-fix|1,25|9 g|https://e-szop24.pl/photos/011606_droetker_smi_fix_bb1.png
40|Majonez|Hellmann's majonez babuni|11,99|650 ml|https://e-szop24.pl/photos/013206_hellmanns_maj_bab_bb1.png
40|Kiełbasy, Parówki|Drobimex Kiełbasa parówkowa z kurcząt|12,97|800g|https://e-szop24.pl/photos/018857_drobimex_kie_pra_z_kur.png
40|Środki czystości|Clin Windows & Glass Płyn do mycia powierzchni szklanych|7,29|500 ml|https://e-szop24.pl/photos/026990_henclin_win_dsz_500_bb1.png
40|Przyprawy i zioła|Cykoria Przyprawa do potraw z ziemniaków|1,02|30 g|https://e-szop24.pl/photos/019648_cykoria_prz_do_pot_z_zie_bb1.png
40|Śmietany, Śmietanki|Łaciata Śmietanka 12%|3,79|0,5L|https://e-szop24.pl/photos/011244_laciata_smi_12.png
40|Napoje|Bobo Frut sok jabłko banan i marchewka|4,10|300 ml|https://e-szop24.pl/photos/015734_bobo_fru_sok_jab_ban_i_mar_bb1.png
40|Zupy|Vifon Lunch Box Pho Danie błyskawiczne z kluskami ryżowymi łagodne|4,49|85 g|https://e-szop24.pl/photos/022574_tv_lun_box_pho_85g_bb1.png
40|Syropy|Herbapol Owocowa Spiżarnia Malina z melisą Syrop owocowy|5,55|420 ml|https://e-szop24.pl/photos/026315_herbapol_owo_spi_mal_z_mel_sy_bb1.png
40|Dodatki do wypieków|Bakoma Bita śmietanka spray|7,20|250ml|https://e-szop24.pl/photos/011673_bakoma_bit_smi_spr_bb1.png
40|Produkty gotowe|Virtu Pizza z pieczarkami|8,70|475 g|https://e-szop24.pl/photos/016335_virtu_piz_z_pie_bb1.png
40|Napoje|Bobo Frut nektar jabłko i gruszka|4,10|300 ml|https://e-szop24.pl/photos/015730_bobo_fru_nek_jab_i_gru_bb1.png
40|Twarogi, Serki kanapkowe|Tartare Łososiowa Zatoka|4,99|150g|https://e-szop24.pl/photos/011355_tartare_los_zat_bb1.png
40|Przetwory owocowe|Dawtona Powidła śliwkowe|4,24|280 g|https://e-szop24.pl/photos/020210_dawtona_pow_sli_bb1.png
40|Cukierki|Nimm2 Śmiejżelki tropikalne Żelki owocowe wzbogacone witaminami|3,99|90 g|https://e-szop24.pl/photos/022933_nimm2_smi_tro_zel_owo_wzb_wit_bb1.png
40|Dania mrożone|FRoSTA Ryba z pieca z sosem bordelaise|14,40|360 g|https://e-szop24.pl/photos/025420_frosta_ryb_z_pie_z_sos_bor_bb1.png
40|Orzeszki|Bakalland Orzechy włoskie|13,20|100 g|https://e-szop24.pl/photos/018920_bakalland_orz_wlo_bb1.png
40|Dodatki do wypieków|Dr. Oetker Lukier czekoladowy|3,30|100 g|https://e-szop24.pl/photos/021798_dr_oet_luk_cze_bb1.png
40|Czekolady|Wawel Toffi Czekolada mleczna nadziewana|3,50|100 g|https://e-szop24.pl/photos/023832_wawczektofii_100_bb1.png
40|Chipsy, Chrupki|7 Days Bake rolls bacon|3,99|160 g|https://e-szop24.pl/photos/019096_7_day_bak_rol_bac_bb1.png
40|Artykuły do kąpieli|Adidas Victory League 3 Żel pod prysznic do ciała włosów i twarzy|9,29|250 ml|https://e-szop24.pl/photos/027595_adidas_vic_zel_ppr_bb1.png
40|Do mycia naczyń|Ludwik Balsam rumiankowy do naczyń|5,95|1 L|https://e-szop24.pl/photos/018580_ludwik_bal_rum_do_nac_bb1.png
40|Paluszki, Ciastka|Lajkonik Paluszki|3,55|200g|https://e-szop24.pl/photos/012276_lajkonik_pal_bb1.png
40|Zupy|Winiary barszcz biały|1,85|66 g|https://e-szop24.pl/photos/014691_winiary_bar_bia_bb1.png
40|Dania mrożone|Aviko Frytki zig zag karbowane chrupiące|5,53|450 g|https://e-szop24.pl/photos/017081_aviko_fry_zig_zag_kar_chr_bb1.png
40|Płatki śniadaniowe, Musli|Halina Płatki owsiane zwykłe|3,30|400 g|https://e-szop24.pl/photos/019488_halina_pla_ows_zwy_bb1.png
40|Sery topione, Sery pleśniowe|President Camembert z ziołami|4,99|120g|https://e-szop24.pl/photos/011386_president_cam_z_zio_bb1.png
40|Ser żółty|Mlekpol Ser Gouda plastry|4,49|150g|https://e-szop24.pl/photos/011276_mlekpol_ser_gou_pla.png
40|Jaja|Nova Goertz Polska Jaja Luksusowe z chowu ściółkowego|7,99|10 szt|https://e-szop24.pl/photos/016598_nova_goe_pol_jaj_luk_z_cho_sc.png
40|Dla kota|Felix Fantastic Uczta oceanu w galaretce Karma dla dorosłych kotów|8,90|400 g|https://e-szop24.pl/photos/030188_felix_fan_ucz_oce_w_gal_kar_d_bb1.png
40|Do mycia naczyń|Pur Balsam aloe vera płyn do naczyń|9,99|1,35 L|https://e-szop24.pl/photos/018562_pur_bal_alo_ver_ply_do_nac_bb1.png
40|Kefir|Bakoma Kefir naturalny|3,29|390 g|https://e-szop24.pl/photos/024610_bakkefir_nat_390_bb1.png
40|Jogurty, Serki, Desery|Bakoma serek Bakuś truskawkowy|1,65|90 g|https://e-szop24.pl/photos/011144_bakoma_ser_bak_tru_bb1.png
40|Wody|Cisowianka Naturalna woda mineralna niegazowana niskosodowa 8 x 0,7 l|15,40|0.7 L|https://e-szop24.pl/photos/025770_cisowianka_nat_wod_min_nie_ni_bb1.png
40|Przyprawy i zioła|Kamis czosnek granulowany|2,15|20 g|https://e-szop24.pl/photos/012556_kamis_czo_gra_bb1.png
40|Białe|Laura bagietka z masłem o smaku ziołowym|3,55|175 g|https://e-szop24.pl/photos/016636_laura_bag_z_mas_o_sma_zio_bb1.png
40|Twarogi, Serki kanapkowe|Hochland Almette śmietankowy|3,99|150g|https://e-szop24.pl/photos/011339_hochland_alm_smi_bb1.png
40|Twarogi, Serki kanapkowe|Capresi Serek śmietankowy|3,80|150 g|https://e-szop24.pl/photos/024215_warcapresi_ser_smi_bb1.png
40|Obiadki|HiPP BIO Zupka koperkowa z ryżem i indykiem po 7. miesiącu|7,20|190 g|https://e-szop24.pl/photos/022430_hipp_bio_zup_kop_z_ryz_i_ind__bb1.png
40|Przetwory warzywne|Dawtona Marchewka z groszkiem|3,81|510 g|https://e-szop24.pl/photos/020161_dawtona_mar_z_gro_bb1.png
40|Jogurty, Serki, Desery|Danone Danonki truskawka (saszetka)|2,49|70 g|https://e-szop24.pl/photos/020116_danone_dan_tru_sas_bb1.png
40|Kostki rosołowe|Cykoria Bulion drobiowy|1,59|60 g|https://e-szop24.pl/photos/019697_cykrosol_dro_60g_bb1.png
40|Cukierki|Nimm2 śmiejżelki kwaśne|3,85|100 g|https://e-szop24.pl/photos/013730_nimm2_smi_kwa_bb1.png
40|Soki, Nektary|Tymbark Owoce Świata Żurawina, czarna jagoda, jabłko|3,62|1 L|https://e-szop24.pl/photos/010110_tymbark_owo_swi_zur_cza_jag_j_bb1.png
40|Zęby|Colgate Total Pro-Zdrowe dziąsła Szczoteczka do zębów Średnia|20,10||https://e-szop24.pl/photos/028483_colgszczottotal_zdr_bb1.png
40|Ciastka|Wedel Ciastka amerykanki kakaowe z kawałkami czekolady|3,99|125 g|https://e-szop24.pl/photos/019122_wedel_cia_ame_kak_z_kaw_cze_bb1.png
40|Napoje|Black energy drink, napój energetyczny|9,99|4x250 ml|https://e-szop24.pl/photos/018775_black_ene_dri_nap_ene_bb1.png
40|Akcesoria kuchenne|Paclan classic Worki na śmieci 60 L|8,99|40 szt|https://e-szop24.pl/photos/029566_paclan_cla_wor_na_smi_60_l_bb1.png
40|Zupy|Profi Barszcz ukraiński z koperkiem|3,99|450 g|https://e-szop24.pl/photos/014599_profi_bar_ukr_z_kop_bb1.png
40|Ciastka|7 Days Rogalik z nadzieniem orzechowym|2,05|60 g|https://e-szop24.pl/photos/014112_7_day_rog_z_nad_orz_bb1.png
40|Kiełbasy, Parówki|Krakus Parówki z szynki|5,99|200 g|https://e-szop24.pl/photos/018331_krakus_par_z_szy_bb1.png
40|Mleko|Mlekovita Mleko polskie spożywcze 3,2% tłuszczu butelka (pasteryzowane)|2,80|1 L|https://e-szop24.pl/photos/016407_mlekovita_mle_pol_spo_32_tlu__bb1.png
40|Wędliny|Morliny Polędwica łososiowa wieprzowa|5,49|100 g|https://e-szop24.pl/photos/020135_morliny_pol_los_wie_bb1.png
40|Artykuły kosmetyczne|Cleanic Antibacterial Chusteczki odświeżające|3,23|15 szt|https://e-szop24.pl/photos/010827_cleanic_ant_chu_ods_bb1.png
40|Artykuły do kąpieli|On Line Sól do kąpieli o zapachu igliwia sosny|7,50|750 g|https://e-szop24.pl/photos/018399_on_lin_sol_do_kap_o_zap_igl_s.png
40|Higiena intymna|Naturella Podpaski Ultra MAXI ze skrzydełkami|3,25|8 szt|https://e-szop24.pl/photos/010802_naturella_pod_ult_max_ze_skr.png
40|Przetwory warzywne|Pudliszki Mieszanka warzywna z kukurydzą|5,99|450 g|https://e-szop24.pl/photos/011866_pudliszki_mie_war_z_kuk_bb1.png
40|Przyprawy i zioła|Cykoria Kminek|1,19|20 g|https://e-szop24.pl/photos/019627_cykoria_kmi_bb1.png
40|Zupy|Knorr Nudle kurcze pieczone|1,99|61 g|https://e-szop24.pl/photos/014660_knorr_nud_kur_pie_bb1.png
40|Czekolady|Wedel Czekolada Mleczna|9,99|220 g|https://e-szop24.pl/photos/013859_wedel_cze_mle_bb1.png
40|Chrupkie|Sonko Wafle ryżowe w czekoladzie mlecznej|4,20|65 g|https://e-szop24.pl/photos/011503_sonko_waf_ryz_w_cze_mle_bb1.png
40|Pranie|Coccolino Blue Splash Płyn do płukania tkanin koncentrat|18,95|2 l|https://e-szop24.pl/photos/026611_coccolino_blu_spl_ply_do_plu__bb1.png
40|Środki czystości|Pronto 5w1 classic środek przeciw kurzowi w aerozolu|13,85|300 ml|https://e-szop24.pl/photos/012157_pronto_5w1_cla_sro_prz_kur_w__bb1.png
40|Toaleta|Domestos Płyn do WC Atlantic fresh|9,30|750 ml|https://e-szop24.pl/photos/012007_domestos_ply_do_wc_atl_fre_bb1.png
40|Dezodoranty|Rexona Women  black+white pure Dezodorant w sztyfcie|12,50|40 ml|https://e-szop24.pl/photos/010720_rexona_wom_cry_cle_pur_dez_w__bb1.png
40|Toaleta|Air Wick odświeżacz elektryczny księżycowa lilia|20,50|19 ml|https://e-szop24.pl/photos/018892_air_wic_ods_ele_ksi_lil_bb1.png
40|Makaron|Czaniecki Makaron 5 jajeczny popularny nitka walcowana|6,69|500 g|https://e-szop24.pl/photos/021456_czaniecmakaron_nit_wal_bb1.png
40|Ryż|Kupiec Ryż biały długoziarnisty|3,50|4x100 g|https://e-szop24.pl/photos/013550_kupiec_ryz_bia_dlu_bb1.png
40|Olej, Oliwa|Kujawski Olej rzepakowy z pierwszego tłoczenia|39,99|5 L|https://e-szop24.pl/photos/021222_kruolej_kuj_itl_bb1.png
40|Bombonierki|Toffifee|7,90|125 g|https://e-szop24.pl/photos/014331_toffifee_bb1.png
40|Czekolady|Wedel Pierrot Czekolada mleczna nadziewana z orzeszkami|3,89|100 g|https://e-szop24.pl/photos/023844_wedczekolada_mlp_100_bb1.png
40|Warzywa świeże|Koperek|1,49|1 szt|https://e-szop24.pl/photos/016137_koperek.png
40|Sery topione, Sery pleśniowe|Valbon Brie oryginalny|4,99|125g|https://e-szop24.pl/photos/011397_valbon_bri_ory_bb1.png
40|Pielęgnacja włosów|Schauma for Men Szampon|10,50|400 ml|https://e-szop24.pl/photos/027972_schauma_for_men_sza_bb1.png
40|Przetwory warzywne|Kwidzyn Groszek konserwowy|2,31|400 g|https://e-szop24.pl/photos/020340_kwidzyn_gro_kon_bb1.png
40|Pielęgnacja włosów|Head&Shoulders szampon przeciwłupieżowy codzienna pielęgnacja 2w1|23,90|400 ml|https://e-szop24.pl/photos/016749_headshoulders_sza_prz_cod_pie_bb1.png
40|Kaszki, Kleiki|BoboVita kaszka mleczno-ryżowa pysznie kakaowa|9,30|230 g|https://e-szop24.pl/photos/015852_bobovita_kas_mle_ryz_pys_kak_bb1.png
40|Dodatki do wypieków|Cykoria Catering Cukier wanilinowy|14,53|1 kg|https://e-szop24.pl/photos/019610_cykoria_cat_cuk_wan_bb1.png
40|Herbata|Dilmah pick your favourite teas (240tb)|134,99|12x20szt|https://e-szop24.pl/photos/017108_dilmah_pic_you_fav_tea_240_bb1.png
40|Masło, Margaryna, Smalec|Smakowita Pajda Smalczyk roślinny z cebulką i jabłkiem|4,69|120 g|https://e-szop24.pl/photos/021154_krusmakpajsmalczcebjab120_bb1.png
40|Dezodoranty|Nivea Antyperspirant Fresh Natural Spray|13,05|150 ml|https://e-szop24.pl/photos/010708_nivea_ant_fre_nat_spr_bb1.png
40|Dodatki do wypieków|Dr.Oetker Różyczki opłatki brązowe|5,79|6 szt|https://e-szop24.pl/photos/018905_droetker_roz_opl_bra_bb1.png
40|Cukierki|Ricola Oryginalne ziołowe szwajcarskie cukierki ziołowe|3,99|40 g|https://e-szop24.pl/photos/022716_indricola_zio_40g_bb1.png
40|Przyprawy i zioła|Cykoria Ziele angielskie|1,29|20 g|https://e-szop24.pl/photos/019662_cykoria_zie_ang_bb1.png
40|Batony|Unitop Chałwa o smaku waniliowym|17,99|750 g|https://e-szop24.pl/photos/018977_unitop_cha_o_sma_wan_bb1.png
40|Makaron|Barilla Makaron Fusilli|59,62|5 kg|https://e-szop24.pl/photos/020284_barilla_mak_fus_bb1.png
40|Wypieki|Delecta Kruche ciasto w proszku|5,12|400 g|https://e-szop24.pl/photos/019871_delecta_kru_cia_w_pro_bb1.png
40|Cukiernia|Oskroba Babka jogurtowa|7,46|500 g|https://e-szop24.pl/photos/020353_oskroba_bab_jog_bb1.png
40|Koncentraty|Podravka Pomidory krojone z ziołami prowansalskimi|4,25|390 g|https://e-szop24.pl/photos/020792_podpomididory_kro_bb1.png
40|Dania mrożone|Hortex Zupa królewska|5,55|450 g|https://e-szop24.pl/photos/017018_hortex_zup_kro_bb1.png
40|Konserwy, Pasztety|Spichlerz Rusiecki Golonka ze szlacheckiego stołu|7,99|300 g|https://e-szop24.pl/photos/018746_spichlerz_rus_gol_ze_szl_sto_bb1.png
40|Akcesoria kuchenne|Kreis Pack Fliżanka do kawy brązowa 160 ml|14,99|60 szt|https://e-szop24.pl/photos/017190_kreis_pac_fli_do_kaw_bra_160_.png
40|Soki, Nektary|Hortex czarna porzeczka nektar|8,60|2 l|https://e-szop24.pl/photos/010057_hortex_cza_por_nek_bb1.png
40|Jogurty, Serki, Desery|Bakoma Satino Gold Deser o smaku kawowym z sosem karmelowym|2,20|140 g|https://e-szop24.pl/photos/024791_bakoma_sat_gol_des_o_sma_kaw__bb1.png
40|Pielęgnacja włosów|Loreal Elseve Szampon Color-Vive do włosów farbowanych lub z pasemkami|14,79|250 ml|https://e-szop24.pl/photos/010689_loreal_els_sza_col_viv_do_wlo_bb1.png
40|Soki, Nektary|Tymbark Multiwitamina classic|4,25|1 L|https://e-szop24.pl/photos/010099_tymbark_mul_cla_bb1.png
40|Budyń|Winiary budyń o smaku czekoladowym z cukrem|1,25|63 g|https://e-szop24.pl/photos/014509_winiary_bud_o_sma_cze_z_cuk_bb1.png
40|Ketchup|Pudliszki Ketchup łagodny|2,65|205 g|https://e-szop24.pl/photos/013143_pudliszki_ket_lag_bb1.png
40|Wędliny|Morliny Boczek w kostce|5,99|150 g|https://e-szop24.pl/photos/030599_morliny_boc_w_kos_bb1.png
40|Dla psa|Pedigree Adult Markies|4,99|150g|https://e-szop24.pl/photos/012407_pedigree_adu_mar_bb1.png
40|Mrożonki|Hortex Brukselka|5,45|450 g|https://e-szop24.pl/photos/016994_hortex_bru_bb1.png
40|Zęby|Colgate Szczoteczka 360° whole mouth clean soft|15,50|1 szt.|https://e-szop24.pl/photos/010742_colgate_szc_360_who_mou_cle_s_bb1.png
40|Do mycia naczyń|Morning Fresh Lemon płyn do naczyń|6,59|450 ml|https://e-szop24.pl/photos/018586_morning_fre_lem_ply_do_nac_bb1.png
40|Jogurty, Serki, Desery|Bakoma Polskie Smaki Deser jogurtowy z owocami leśnymi|0,90|120 g|https://e-szop24.pl/photos/024624_bakoma_pol_sma_des_jog_z_owo__bb1.png
40|Dla kota|Felix Fantastic Wybór mięs z warzywami w galaretce Karma dla dorosłych kotów|8,90|400 g|https://e-szop24.pl/photos/030189_felix_fan_wyb_mie_z_war_w_gal_bb1.png
40|Dodatki do wypieków|Delecta Kwasek cytrynowy|3,63|80 g|https://e-szop24.pl/photos/019864_delecta_kwa_cyt_bb1.png
40|Czekolady|Alpen Gold Bąbolada mleczna|3,35|80 g|https://e-szop24.pl/photos/013884_alpen_gol_bab_mle_bb1.png
40|Ciastka|LU Petitki biszkopty|3,59|120 g|https://e-szop24.pl/photos/017931_lu_pet_bis_bb1.png
40|Kefir|Milko Kefir|3,30|1L|https://e-szop24.pl/photos/011200_milko_kef.png
40|Czekolady|Wedel Karmellove! Czekolada karmelowa|3,89|90 g|https://e-szop24.pl/photos/019818_wedczekolada_kar_90g_bb1.png
40|Sery topione, Sery pleśniowe|President Camembert naturalny|4,99|120g|https://e-szop24.pl/photos/011385_president_cam_nat_bb1.png
40|Przetwory warzywne|Provitus Buraczki zasmażane babcine|4,99|480 g|https://e-szop24.pl/photos/019832_provitus_bur_zas_bab_bb1.png
40|Środki czystości|Ajax Super Effect Płyn do szyb|7,85|500 ml|https://e-szop24.pl/photos/026967_ajax_sup_eff_ply_do_szy_bb1.png
40|Budyń|Delecta Szybki budyń smak czekoladowy z belgijską czekoladą|1,39|43 g|https://e-szop24.pl/photos/022628_delecta_szy_bud_sma_cze_z_bel_bb1.png
40|Mleko|Łaciate Mleko 2% tł. UHT 1L (zgrzewka)|34,65|12 szt|https://e-szop24.pl/photos/018667_laciate_mle_2_tl_uht_1l_zgr.png
40|Śmietanka do kawy|Gostyń Mleko zag. niesłodzone Light 4% z Błonnikiem|4,25|500g|https://e-szop24.pl/photos/018183_gostyn_mle_zag_nie_lig_4_z_bl_bb1.png
40|Artykuły do kąpieli|On Line Płyn do kąpieli morski|9,80|750 ml|https://e-szop24.pl/photos/018396_on_lin_ply_do_kap_mor.png
40|Akcesoria kuchenne|Kreis Pack zestaw kubków białych 200 ml|7,90|100 szt|https://e-szop24.pl/photos/016278_kreis_pac_zes_kub_bia_200_ml.png
40|Kawa mielona, Ziarnista|Jacobs Cronat Gold kawa mielona|19,99|500 g|https://e-szop24.pl/photos/015215_jacobs_cro_gol_kaw_mie_bb1.png
40|Czekolady|Alpen Gold Nussbeisser Czekolada gorzka z całymi orzechami|5,49|100 g|https://e-szop24.pl/photos/019448_alpen_gol_nus_cze_gor_z_cal_o_bb1.png
40|Owoce suszone, Orzechy|Bakalland Żurawina|26,99|400g|https://e-szop24.pl/photos/011795_bakalland_zur_bb1.png
40|Konserwy, Pasztety|Sokołów Golonka konserwowa|14,75|455 g|https://e-szop24.pl/photos/018748_sokolow_gol_kon.png
40|Owoce morza|Lisner Kawior czarny z ikry gromadnika|10,99|100 g|https://e-szop24.pl/photos/024968_liskawior_cza_gro_bb1.png
40|Artykuły kosmetyczne|Ola Płatki kosmetyczne|2,99|120 szt|https://e-szop24.pl/photos/029926_harplatki_hig_120_bb1.png
40|Cukierki|Goplana Brando landryny|1,99|90 g|https://e-szop24.pl/photos/013716_goplana_bra_lan_bb1.png
40|Napoje|Fanta napój gazowany|5,99|2,25 L|https://e-szop24.pl/photos/010356_fanta_nap_gaz_bb1.png
40|Czekolady|Lindt Excellence Orange Intense|10,90|100 g|https://e-szop24.pl/photos/013958_lindt_exc_ora_int_bb1.png
40|Higiena intymna|Bella Nova Maxi podpaski|3,60|10 szt|https://e-szop24.pl/photos/010770_bella_nov_max_pod_bb1.png
40|Golenie, Depilacja|Gillette Fusion Proglide Power Wymienne ostrza 4 sztuki|86,10||https://e-szop24.pl/photos/028653_gillette_fus_pro_pow_wym_ost__bb1.png
40|Pielęgnacja twarzy|AA Technologia Wieku 50+ Aktywny Lifting Krem Multilift 6D na dzień|25,19|50 ml|https://e-szop24.pl/photos/029043_aa_kre_50_akt_50m_bb1.png
40|Bezglutenowe|Balviten Bułki królewskie  (3 sztuki)|7,50|130 g|https://e-szop24.pl/photos/023961_balbulki_kro_bez_bb1.png
40|Wędliny|Duda Polędwica z indykiem|7,50|400 g|https://e-szop24.pl/photos/018838_duda_pol_z_ind.png
40|Dania mrożone|Hortex Zupa wiosenna 9-składnikowa|5,55|450 g|https://e-szop24.pl/photos/017016_hortex_zup_wio_9_skl_bb1.png
40|Artykuły kosmetyczne|Ola Patyczki kosmetyczne|2,09|200 szt|https://e-szop24.pl/photos/029924_harpatyczhigola_pud_bb1.png
40|Bombonierki|Storck Merci Finest Selection czekoladki mleczne|18,99|250 g|https://e-szop24.pl/photos/018830_storck_mer_fin_sel_cze_mle_bb1.png
40|Mleko|Gostyń Mleko zagęszczone słodzone waniliowe (tuba)|3,30|150 g|https://e-szop24.pl/photos/018844_gostyn_mle_zag_slo_wan_tub.png
40|Napoje|Coca-Cola Zero, napój gazowany|3,30|0,5 L|https://e-szop24.pl/photos/010344_coca_col_zer_nap_gaz_bb1.png
40|Mrożonki|Hortex Śliwki bez pestek|6,45|450 g|https://e-szop24.pl/photos/016991_hortex_sli_bez_pes_bb1.png
40|Artykuły do kąpieli|Fa Magic Oil Pink Jasmine Żel pod prysznic|10,70|250 ml|https://e-szop24.pl/photos/027630_fa_zel_ppr_jas_250_bb1.png
40|Zdrowa żywność|Sante Skarby Ziemi Len mielony złoty odtłuszczony|5,49|200 g|https://e-szop24.pl/photos/021602_sante_len_mie_200_bb1.png
40|Kawa mielona, Ziarnista|Woseba Café Brasil Kawa palona ziarnista|49,99|1 kg|https://e-szop24.pl/photos/019579_woseba_caf_bra_kaw_pal_zia_bb1.png
40|Wafle|Sonko Wafle ryżowe w czekoladzie gorzkiej|4,20|65 g|https://e-szop24.pl/photos/011502_sonko_waf_ryz_w_cze_gor_bb1.png
40|Pielęgnacja włosów|Gliss Kur Million Gloss Szampon|11,90|250 ml|https://e-szop24.pl/photos/027956_gliss_kur_sza_gl2_bb1.png
40|Wody|Kropla Beskidu woda gazowana|2,35|1,75 L|https://e-szop24.pl/photos/010000_kropla_bes_wod_gaz_bb1.png
40|Dodatki do wypieków|Cykoria Posypka o smaku owocowo-kakaowym|1,57|50 g|https://e-szop24.pl/photos/019605_cykoria_pos_o_sma_owo_kak_bb1.png
40|Ciastka|7 Days cake bar z nadzieniem kakaowym w polewie czekoladowej|1,29|32 g|https://e-szop24.pl/photos/014118_7_day_cak_bar_z_nad_kak_w_pol_bb1.png
40|Ciastka|Ciasteczka z Krakowa Trójkąt waniliowy z żurawiną|19,99|800 g|https://e-szop24.pl/photos/018316_ciasteczka_z_kra_tro_wan_z_zu.png
40|Zęby|Sensodyne Complete protection pasta do zębów z fluorkiem|18,20|75 ml|https://e-szop24.pl/photos/018951_sensodyne_com_pro_pas_do_zeb__bb1.png
40|Jogurty, Serki, Desery|Danone Danonki smak waniliowy (saszetka)|2,59|70 g|https://e-szop24.pl/photos/020115_danone_dan_sma_wan_sas_bb1.png
40|Przyprawy i zioła|Cykoria Tymianek|1,19|10 g|https://e-szop24.pl/photos/019661_cykoria_tym_bb1.png
40|Golenie, Depilacja|Gillette Mach3 Sensitive Ostrza wymienne do maszynki 8 sztuk|96,60||https://e-szop24.pl/photos/028650_gillette_mac_sen_ost_wym_do_m_bb1.png
40|Kisiel|Delecta Owocowy kubek Kisiel o smaku żurawinowym|1,45|30 g|https://e-szop24.pl/photos/022646_delecta_owo_kub_kis_o_sma_zur_bb1.png
40|Cukierki|Haribo Złote misie Żelki owocowe|3,99|100 g|https://e-szop24.pl/photos/022973_haribo_zlo_mis_100_bb1.png
40|Twarogi, Serki kanapkowe|Arla Apetina Classic ser feta z czosnkiem i pietruszką|9,55|200 g|https://e-szop24.pl/photos/017331_arla_ape_cla_ser_fet_z_czo_i__bb1.png
40|Mydła|Mydło Protex Ultra|3,99|90 g|https://e-szop24.pl/photos/010468_mydlo_pro_ult_bb1.png
40|Masło, Margaryna, Smalec|Mlekovita Masło klarowane|39,99|1 kg|https://e-szop24.pl/photos/016871_mlekovita_mas_kla_bb1.png
40|Wody|Cisowianka woda niegazowana|1,35|0,5 L|https://e-szop24.pl/photos/010032_cisowianka_wod_nie_bb1.png
40|Owoce suszone, Orzechy|Bakal Żurawina suszona|9,99|150 g|https://e-szop24.pl/photos/017882_bakal_zur_sus_bb1.png
40|Dania|Cykoria Rosół drobiowy instant|3,27|120 g|https://e-szop24.pl/photos/019693_cykoria_ros_dro_ins_bb1.png
40|Pranie|Coccolino Green Burst Płyn do płukania tkanin koncentrat|17,70|2 l|https://e-szop24.pl/photos/026606_coccolino_gre_bur_ply_do_plu__bb1.png
40|Soki, Nektary|Pysio banan - jabłko - kiwi|3,90|900 ml|https://e-szop24.pl/photos/010159_pysio_ban_jab_kiw_bb1.png
40|Płatki śniadaniowe, Musli|Nestle płatki Nesquik|9,90|500 g|https://e-szop24.pl/photos/013465_nestle_pla_nes_bb1.png
40|Mięso|Żeberka Wieprzowe paski|20,99|1 kg|https://e-szop24.pl/photos/018377_zeberka_wie_pas.png
40|Higiena intymna|Always Ultra Night podpaski|9,49|14 szt|https://e-szop24.pl/photos/010791_always_ult_nig_pod_bb1.png
40|Pranie|E Perfume Deluxe Elegance Skoncentrowany płyn do zmiękczania tkanin|14,80|2 l|https://e-szop24.pl/photos/026619_e_per_del_ele_sko_ply_do_zmi__bb1.png
40|Makaron|Goliard Makaron wałkowany jajeczny nitki|2,49|250 g|https://e-szop24.pl/photos/021451_goliard_mak_wal_jaj_nit_bb1.png
40|Kisiel|Dr.Oetker kisiel o smaku cytrynowym|1,15|38 g|https://e-szop24.pl/photos/014442_droetker_kis_o_sma_cyt_bb1.png
40|Dezodoranty|Nivea Antyperspirant Fresh Active dla mężczyzn|16,99|250 ml|https://e-szop24.pl/photos/016773_nivea_ant_fre_act_dla_mez_bb1.png
40|Akcesoria kuchenne|Paclan multitop Worki na śmieci 35 L|5,59|30 szt|https://e-szop24.pl/photos/029568_paclan_mul_wor_na_smi_35_l_bb1.png
40|Napoje|4Move Zero Multifruit Sportowy napój izotoniczny niegazowany (zgrzewka)|13,59|6x750ml|https://e-szop24.pl/photos/000000_no_i.png
40|Wafle|Sonko Wafle ryżowe z pestkami dyni|3,40|130g|https://e-szop24.pl/photos/011498_sonko_waf_ryz_z_pes_dyn_bb1.png
40|Owoce suszone, Orzechy|Bakalland Popcorn o smaku serowym|3,50|90 g|https://e-szop24.pl/photos/017155_bakalland_pop_o_sma_ser_bb1.png
40|Ketchup|Heinz Ketchup pikantny|7,80|570 g|https://e-szop24.pl/photos/013164_heinz_ket_pik_bb1.png
40|Napoje|Garden napój multiwitamina 12 wit|4,59|2 L|https://e-szop24.pl/photos/010231_garden_nap_mul_12_wit_bb1.png
40|Kostki rosołowe|Cykoria Bulion grzybowy|1,56|60 g|https://e-szop24.pl/photos/019696_cykoria_bul_grz_bb1.png
40|Dania|Knorr Gorący kubek Puree ziemniaczane z boczkiem i cebulką|4,25|58 g|https://e-szop24.pl/photos/014549_knorr_gor_kub_pur_zie_z_boc_i_bb1.png
40|Musztarda|Kamis Musztarda Francuska|3,35|185 g|https://e-szop24.pl/photos/013223_kamis_mus_fra_bb1.png
40|Dla kota|Felix Sensations Sauce Surprise Pełnoporcjowa karma dla dorosłych kotów|8,90|400 g|https://e-szop24.pl/photos/030193_felix_sen_sau_sur_pel_kar_dla_bb1.png
40|Sery topione, Sery pleśniowe|Mlekovita Mazowiecki z łososiem ser topiony kremowy|1,70|100 g|https://e-szop24.pl/photos/024178_mlekserek_top_los_bb1.png
40|Sery topione, Sery pleśniowe|NaTurek Brie z pieprzem|4,99|125g|https://e-szop24.pl/photos/011382_turek_bri_z_pie_bb1.png
40|Wędliny|Sokołów Szynka biała|6,50|148g|https://e-szop24.pl/photos/019280_sokolow_szy_bia_bb1.png
40|Jogurty, Serki, Desery|Danone Activia jogurt pitny brzoskwinia-mango|3,29|300 g|https://e-szop24.pl/photos/010954_danone_act_jog_pit_brz_man_bb1.png
40|Olej, Oliwa|Goccia Doro Olej lniany|28,99|500 ml|https://e-szop24.pl/photos/013627_goccia_dor_ole_lni.png
40|Płatki śniadaniowe, Musli|Sante Otręby owsiane|2,80|150 g|https://e-szop24.pl/photos/021558_sanotreby_ows_150_bb1.png
40|Mydła|Nivea Creme Soft mydło w płynie|8,99|250 ml|https://e-szop24.pl/photos/017745_nivea_cre_sof_myd_w_ply_bb1.png
40|Płatki śniadaniowe, Musli|Szczytno Premium Musli 5 zbóż z rodzynkami|4,99|400 g|https://e-szop24.pl/photos/021324_melmusli_5zb_400_bb1.png
40|Środki czystości|Clenaux zmywacz do SIDOLUX-u|8,69|400 ml|https://e-szop24.pl/photos/018805_clenaux_zmy_do_sid_u_bb1.png
40|Przetwory rybne|Lisner Matjas filety śledziowe w oleju|6,50|220 g|https://e-szop24.pl/photos/012468_lisner_mat_fil_sle_w_ole_bb1.png
40|Kostki rosołowe|Cykoria Rosół drobiowy instant|3,27|120 g|https://e-szop24.pl/photos/019693_cykoria_ros_dro_ins_bb1.png
40|Makaron|Barilla Collezione Makaron Tagliatelle All'Uovo Bolognesi|11,68|500 g|https://e-szop24.pl/photos/020283_barilla_col_mak_tag_all_bol_bb1.png
40|Do mycia naczyń|Ludwik Balsam lawendowy do naczyń|5,95|1 L|https://e-szop24.pl/photos/018581_ludwik_bal_law_do_nac.png
40|Produkty gotowe|Virtu Uszka z mięsem|6,45|400 g|https://e-szop24.pl/photos/017034_virtu_usz_z_mie_bb1.png
40|Przyprawy i zioła|Kamis oregano|2,25|10 g|https://e-szop24.pl/photos/012542_kamis_ore_bb1.png
40|Ryż|Kupiec Płatki ryżowe błyskawiczne|2,89|180 g|https://e-szop24.pl/photos/021258_kupplatki_ryz_180_bb1.png
40|Dania mrożone|Dr.Oetker Ristorante pizza funghi|8,55|340 g|https://e-szop24.pl/photos/017230_droetker_ris_piz_fun_bb1.png
40|Konserwy, Pasztety|Spichlerz Rusiecki Krakowska kiełbasa|7,99|280 g|https://e-szop24.pl/photos/019437_spichlerz_rus_kra_kie_bb1.png
40|Gumy i drażetki|Mentos mint|2,80|38 g|https://e-szop24.pl/photos/014379_mentos_min_bb1.png
40|Cukierki|Wedel Mieszanka Wedlowska Galaretki w czekoladzie|14,99|490 g|https://e-szop24.pl/photos/018926_wedel_mie_wed_gal_w_cze_bb1.png
40|Herbata|Vitax Inspirations zielona klasyczna 20 tb|22,60|4 op|https://e-szop24.pl/photos/018682_vitax_ins_zie_kla_20_tb.png
40|Kosmetyki|Nivea Baby delikatny krem pielęgnacyjny|12,99|200 ml|https://e-szop24.pl/photos/015565_nivea_bab_del_kre_pie_bb1.png
40|Kiełbasy, Parówki|Sokołów Paluszki sokołowskie drobiowe z fileta|3,35|55 g|https://e-szop24.pl/photos/011715_sokolow_pal_sok_dro_z_uda.png
40|Maślanka|Mlekpol Maślanka mrągowska pieczone jabłko|3,60|1 L|https://e-szop24.pl/photos/011221_mlekpol_mas_mra_pie_jab.png
40|Produkty gotowe|Virtu Uszka z mięsem|13,99|1 kg|https://e-szop24.pl/photos/025106_viruszka_z_mie_1kg_bb1.png
40|Kasza|Sante Kasza gryczana biała|5,50|350 g|https://e-szop24.pl/photos/021386_sankasza_gry_bia_350_bb1.png
40|Kawa mielona, Ziarnista|Nescafé Dolce Gusto Lungo Kawa w kapsułkach (16 sztuk)|23,00|7 g|https://e-szop24.pl/photos/023078_nesdolce_gus_lun_16k_bb1.png
40|Kawa mielona, Ziarnista|Tassimo Jacobs Caffé Crema Classico XL Kawa mielona (16 kapsułek)|24,99|132,8 g|https://e-szop24.pl/photos/019166_tassimo_jac_caf_cre_cla_xl_ka_bb1.png
40|Pozostałe|Good Food Solone wafle kukurydziane extra cienkie  (7 sztuk)|1,30|35 g|https://e-szop24.pl/photos/023671_gfwafle_kuk_35g_bb1.png
40|Chemia|Jelp Color Hipoalergiczny proszek do prania|12,99|480 g|https://e-szop24.pl/photos/018352_jelp_col_hip_pro_do_pra_bb1.png
40|Herbata|Ahmad Tea Herbata English Tea No. 1|8,99|40 szt|https://e-szop24.pl/photos/000000_no_i.png
40|Masło, Margaryna, Smalec|Rama Classic, margaryna|4,20|250 g|https://e-szop24.pl/photos/013664_rama_cla_mar_bb1.png
40|Chipsy, Chrupki|Wiejskie Ziemniaczki Chipsy ziemniaczane o smaku cebulki|4,59|130 g|https://e-szop24.pl/photos/023413_lowiejziemcebulka_z_ogr_bb1.png
40|Kawa rozpuszczalna|Nescafe Classic kawa rozpuszczalna (zapas)|14,35|100 g|https://e-szop24.pl/photos/015101_nescafe_cla_kaw_roz_bb1.png
40|Golenie, Depilacja|Nivea Men Sensitive żel do golenia|17,40|200 ml|https://e-szop24.pl/photos/018457_nivea_men_sen_zel_do_gol_bb1.png
40|Kawa mielona, Ziarnista|Woseba Mocca Fix Gold Kawa palona ziarnista HIT|42,99|1 kg|https://e-szop24.pl/photos/019576_woseba_moc_fix_gol_kaw_pal_zi_bb1.png
40|Masło, Margaryna, Smalec|Rama Smaż jak szef kuchni klasyczna Mix olejów|7,29|500 ml|https://e-szop24.pl/photos/016965_rama_sma_jak_sze_kuc_kla_mix__bb1.png
40|Chrupkie|Sonko Wafle ryżowe z solą morską|2,89|130 g|https://e-szop24.pl/photos/038320_sonko_waf_ryz_z_sol_mor_bb1.png
40|Jogurty, Serki, Desery|Bakoma 7 zbóż Jogurt z malinami i ziarnami zbóż|3,29|300 g|https://e-szop24.pl/photos/024695_bakjogurt_7_zbo_mal_300_bb1.png
40|Sól|O'sole Sól morska gruboziarnista jodowana|3,85|900 g|https://e-szop24.pl/photos/013336_osole_sol_mor_gru_jod_bb1.png
40|Przetwory rybne|Lisner Bosmańskie Filety śledziowe w oleju z pieprzem|16,99|600 g|https://e-szop24.pl/photos/024978_lisfilslbosmanskie_600_bb1.png
40|Galaretka|Winiary Galaretka o smaku truskawkowym|33,59|1.3 kg|https://e-szop24.pl/photos/022660_winiary_gal_o_sma_tru_bb1.png
40|Konserwy, Pasztety|Profi Pasztet Dworski z kaczką|3,99|105 g|https://e-szop24.pl/photos/019270_profi_pas_dwo_z_kac_bb1.png
40|Kosmetyki|Pampers Baby Fresh Clean Chusteczki|7,89|64 szt|https://e-szop24.pl/photos/037682_pampers_bab_fre_cle_chu_bb1.png
40|Pielęgnacja twarzy|AA Technologia Wieku 40+ Multi Regeneracja Krem ujędrniająco-wzmacniający na noc|25,19|50 ml|https://e-szop24.pl/photos/029049_aa_kre_noc_uje_wzm_bb1.png
40|Apteczka|Plusssz Żeń-szeń|7,99|1 szt|https://e-szop24.pl/photos/019451_plusssz_zen_sze_mul_1.png
40|Artykuły do kąpieli|Nivea Żel Pod Prysznic Energy for Men|17,99|500 ml|https://e-szop24.pl/photos/016743_nivea_zel_pod_pry_ene_for_men_bb1.png
40|Pielęgnacja włosów|Gliss Kur Serum Deep-Repair Ekspresowa odżywka regeneracyjna|16,90|200 ml|https://e-szop24.pl/photos/028099_gliss_kur_eks_rep_bb1.png
40|Wędliny|Sokołów O'drobina Tyrolska|10,99|500 g|https://e-szop24.pl/photos/030497_soktyrolska_500_bb1.png
40|Toaleta|Domestos Kostka do WC 3in1 Atlantic - zapas|3,05|1 szt|https://e-szop24.pl/photos/012018_domestos_kos_do_wc_3in_atl_za_bb1.png
40|Pielęgnacja ciała|Adidas Dynamic Pulse 3 Żel pod prysznic do ciała włosów i twarzy|13,59|400 ml|https://e-szop24.pl/photos/027590_adizel_ppr_400_bb1.png
40|Ciastka|BelVita Breakfast Milk-Honey Ciastka zbożowe|8,99|250|https://e-szop24.pl/photos/023651_belvita_tar_250_bb1.png
40|Herbata|Dilmah Herbata earl grey|7,49|20x1.5 g|https://e-szop24.pl/photos/017113_dilmah_her_ear_gre_bb1.png
40|Zupy|Knorr Gorący kubek ogórkowa z grzankami|1,49|13 g|https://e-szop24.pl/photos/014643_knorr_gor_kub_ogo_z_grz_bb1.png
40|Mleko|Mleko Łaciate 3,2% tłuszczu (UHT)|1,99|0,5L|https://e-szop24.pl/photos/010871_mleko_lac_32_tlu.png
40|Toaleta|Bref WC Power Aktiv Pine Zawieszka do muszli WC|10,80|2 x 50 g|https://e-szop24.pl/photos/027084_bref_wc_pow_akt_pin_zaw_do_mu_bb1.png
40|Płatki śniadaniowe, Musli|Nestle Cheerios Oats Chrupkie płatki owsiane|5,90|210 g|https://e-szop24.pl/photos/020109_nestle_che_oat_chr_pla_ows_bb1.png
40|Dezodoranty|Fa Sport Ultimate Dry Dezodorant w sprayu|11,10|150 ml|https://e-szop24.pl/photos/028807_fa_deo_spr_ult_bb1.png
40|Deserki|Hipp Jabłka|8,99|2x125 g|https://e-szop24.pl/photos/016046_hipp_jab_bb1.png
40|Chemia|Jelp Color Hipoalergiczny proszek do prania|79,99|4 kg|https://e-szop24.pl/photos/015683_jelp_col_hip_pro_do_pra_bb1.png
40|Mleko|Mlekovita Wypasione Mleko 2,0%|1,80|500 ml|https://e-szop24.pl/photos/024026_mlekmleko_uht_wyp_500_bb1.png
40|Konserwy, Pasztety|Spichlerz Rusiecki Mięso szlacheckie z szynką|7,99|300 g|https://e-szop24.pl/photos/018744_spichlerz_rus_mie_szl_z_szy_bb1.png
40|Przyprawy i zioła|Kamis kminek cały|2,25|15 g|https://e-szop24.pl/photos/012523_kamis_kmi_cal_bb1.png
40|Przetwory warzywne|Pudliszki Mieszanka warzywna|5,99|450 g|https://e-szop24.pl/photos/011865_pudliszki_mie_war_bb1.png
40|Dezodoranty|Adidas Get ready! Dezodorant w sprayu dla kobiet|13,89|150 ml|https://e-szop24.pl/photos/028790_adidas_get_rea_deo_spr_bb1.png
40|Owoce świeże|Gruszka|1,59|200 g|https://e-szop24.pl/photos/016594_gruszka_kla.png
40|Wędliny|Morliny Morlinki Szyneczka|3,92|100g|https://e-szop24.pl/photos/020015_morliny_mor_szy_bb1.png
40|Śmietany, Śmietanki|Mlekovita Śmietanka 36%|15,60|1L|https://e-szop24.pl/photos/011237_mlekovita_smi_36_bb1.png
40|Kiełbasy, Parówki|Drobimex Kiełbasa biała luksusowa|7,95|400 g|https://e-szop24.pl/photos/016488_drobimex_kie_bia_luk.png
40|Cukierki|Mieszko Praliny Klejnoty z advocatem|39,99|1 kg|https://e-szop24.pl/photos/018147_mieszko_pra_kle_z_adv_bb1.png
40|Dżemy|Łowicz Żurawina do mięs i serów|6,45|230 g|https://e-szop24.pl/photos/011758_lowicz_zur_do_mie_i_ser_bb1.png
40|Przyprawy i zioła|Prymat przyprawa do tzatziki pikantny sos czosnkowy|1,49|20 g|https://e-szop24.pl/photos/012760_prymat_prz_do_tza_pik_sos_czo_bb1.png
40|Płatki śniadaniowe, Musli|Szczytno Premium Gryczane płatki błyskawiczne|6,29|400 g|https://e-szop24.pl/photos/021261_melplatki_pzi_bb1.png
40|Akcesoria kuchenne|Duni Serwetki kremowe 3W 33x33|9,40|50 szt.|https://e-szop24.pl/photos/017172_duni_ser_kre_3w_33x.png
40|Kosmetyki|Bella wkładki laktacyjne mamma|21,99|60 szt|https://e-szop24.pl/photos/016373_bella_wkl_lak_mam.png
40|Higiena intymna|Always Ultra Night podpaski|4,99|7 szt|https://e-szop24.pl/photos/010790_always_ult_nig_pod_bb1.png
40|Cukierki|nimm2 Śmiejżelki Sokki jogurtowe - żelki owocowe wzbogacone witaminami|3,89|90 g|https://e-szop24.pl/photos/022925_storsmiejzelsokki_jog_bb1.png
40|Przyprawy i zioła|Kamis grill pikantny|6,99|80 g|https://e-szop24.pl/photos/016200_kamis_gri_pik_bb1.png
40|Środki czystości|Ludwik Płyn uniwersalny kwiat laguny|7,99|1 L|https://e-szop24.pl/photos/018159_ludwik_ply_uni_kwi_lag_bb1.png
40|Kostki rosołowe|Knorr Rosół z kury z pietruszką i lubczykiem|4,89|12x10g|https://e-szop24.pl/photos/018986_knorr_ros_z_kur_z_pie_i_lub_bb1.png
40|Sery topione, Sery pleśniowe|Hochland Cheddar ser topiony w plasterkach|3,99|130 g|https://e-szop24.pl/photos/011404_hochland_che_ser_top_w_pla_bb1.png
40|Majonez|Develey Sos Tatarski|5,99|400 g|https://e-szop24.pl/photos/022358_top_dow_dev_tat_400_bb1.png
40|Do mycia naczyń|Finish Sól ochronna do zmywarek|12,75|1,5 kg|https://e-szop24.pl/photos/018785_finish_sol_och_do_zmy_bb1.png
40|Kiełbasy, Parówki|Sokołów kiełbasa śląska|6,80|280 g|https://e-szop24.pl/photos/016192_sokolow_kie_sla.png
40|Przetwory warzywne|Provitus Ogórki konserwowe cukero słodkie|7,80|640 g|https://e-szop24.pl/photos/019498_provitus_ogo_kon_cuk_slo_bb1.png
40|Warzywa świeże|Baziółka Kolendra świeża|5,49|1 szt|https://e-szop24.pl/photos/016381_baziolka_kol_swi.png
40|Wędliny|Drobimex Kurczak wędzony cały|15,79|1,1 kg|https://e-szop24.pl/photos/017544_drobimex_kur_wed_cal.png
40|Napoje|Mirinda, napój gazowany|5,69|2,25 L|https://e-szop24.pl/photos/010388_mirinda_nap_gaz_bb1.png
40|Gumy i drażetki|Orbit Guma truskawkowa (torebka)|2,99|25 szt|https://e-szop24.pl/photos/014374_orbit_gum_tru_tor_bb1.png
40|Mąka, Bułka tarta|Młyny Stoisław Mąka pszenna graham typ 1850|3,39|1 kg|https://e-szop24.pl/photos/021527_stomaka_psz_bb1.png
40|Mleko|Bebilon 2 z Pronutra+ Mleko następne|49,99|800 g|https://e-szop24.pl/photos/015811_bebilon_2_z_pro_mle_nas_bb1.png
40|Dania mrożone|Hortex Zupa wiejska z boczkiem|5,55|450 g|https://e-szop24.pl/photos/017023_hortex_zup_wie_z_boc_bb1.png
40|Soki, Nektary|Caprio plus napój niegazowany multiwitamina|4,35|2 L|https://e-szop24.pl/photos/010236_caprio_plu_nap_nie_mul_bb1.png
40|Artykuły do kąpieli|Dove Supreme Fine Silk Kremowy płyn myjący|10,85|250 ml|https://e-szop24.pl/photos/027515_dove_sup_fin_sil_kre_ply_myj_bb1.png
40|Dodatki do wypieków|Cykoria Posypka o smaku kakaowym|1,57|50 g|https://e-szop24.pl/photos/019606_cykoria_pos_o_sma_kak_bb1.png
40|Artykuły kosmetyczne|Ola Płatki kosmetyczne|2,49|80 szt|https://e-szop24.pl/photos/029925_harplatki_hig_80s_bb1.png
40|Bombonierki|Kraft Foods Delicje malinowe|3,99|147 g|https://e-szop24.pl/photos/013980_kraft_foo_del_mal_bb1.png
40|Mleko|HiPP BIO Combiotik 2 Ekologiczne mleko następne dla niemowląt po 6. miesiącu|54,70|600 g|https://e-szop24.pl/photos/022496_hipp_bio_com_2_eko_mle_nas_dl_bb1.png
40|Akcesoria kuchenne|Jan Niezbędny Ściereczki domowe do kurzu|4,25|3 szt|https://e-szop24.pl/photos/012186_jan_nie_sci_dom_do_kur_bb1.png
40|Chrupkie|Kupiec Crunchella wafle pszenno-ryżowe o smaku cebulki|3,45|56 g|https://e-szop24.pl/photos/018640_kupiec_cru_waf_psz_ryz_o_sma__bb1.png
40|Dania mrożone|Dr.Oetker Ristorante pizza hawaii|8,55|340 g|https://e-szop24.pl/photos/017232_droetker_ris_piz_haw_bb1.png
40|Higiena intymna|Always Classic Normal podpaski|3,99|10 szt|https://e-szop24.pl/photos/010793_always_cla_nor_pod_bb1.png
40|Herbata|Big-Active Herbata zielona z owocem maliny liściasta|5,60|100 g|https://e-szop24.pl/photos/015036_big_act_her_zie_z_owo_mal_lis_bb1.png
40|Dla kota|Higio żwirek betonitowy dla kota naturalny|16,99|5 l|https://e-szop24.pl/photos/016251_higio_zwi_bet_dla_kot_nat_bb1.png
40|Pielęgnacja twarzy|Garnier Czysta Skóra Tonik matujący|16,16|200 ml|https://e-szop24.pl/photos/018529_garnier_czy_sko_ton_sci_ocz_bb1.png
40|Galaretka|Winiary Galaretka o smaku pomarańczowym|33,59|1.3 kg|https://e-szop24.pl/photos/022659_winiary_gal_o_sma_pom_bb1.png
40|Przetwory rybne|Lisner Filety śledziowe w sosie śmietanowym|4,35|160 g|https://e-szop24.pl/photos/012462_lisner_fil_sle_w_sos_smi_bb1.png
40|Twarogi, Serki kanapkowe|Lisner Pastella Pasta z czosnkiem|2,99|80 g|https://e-szop24.pl/photos/020032_lisner_pas_pas_z_czo_bb1.png
40|Mydła|Fa Greek Yoghurt Almond Blossom Mydło w kostce|2,20|90 g|https://e-szop24.pl/photos/027446_fa_gre_yog_alm_blo_myd_w_kos_bb1.png
40|Toaleta|Domestos Żel do WC Zero kamienia Lime|13,85|750 ml|https://e-szop24.pl/photos/012009_domestos_zel_do_wc_zer_kam_li_bb1.png
40|Cappuccino|Mokate Cappuccino Maestro Renato Bonni Śmietankowe|5,50|110 g|https://e-szop24.pl/photos/015265_mokate_cap_mae_ren_bon_smi_bb1.png
40|Kawa rozpuszczalna|Nescafe Classic kawa rozpuszczalna|56,90|500 g|https://e-szop24.pl/photos/019069_nescafe_cla_kaw_roz_bb1.png
40|Herbata|Astra Herbata rooibos o smaku cytryny z imbirem|5,05|25 szt|https://e-szop24.pl/photos/019145_astra_her_roo_o_sma_cyt_z_imb_1.png
40|Ciastka|Dr.Gerard Precelki czekoladowe|11,99|700 g|https://e-szop24.pl/photos/017305_drgerard_pre_cze_bb1.png
40|Kosmetyki|Bambino Oliwka|9,39|150 ml|https://e-szop24.pl/photos/015586_bambino_oli_bb1.png
40|Cukiernia|Dahli spód do tortów 3 warstwowy|11,20|400 g|https://e-szop24.pl/photos/016434_dahli_spo_do_tor_3_war_bb1.png
40|Ciemne, z ziarnami|Mestemacher Chleb żytni razowy|4,99|500 g|https://e-szop24.pl/photos/017570_mestemacher_chl_zyt_raz_bb1.png
40|Pielęgnacja twarzy|Bielenda Professional Formula Hydrożelowa maseczka ultra nawilżająca|3,59|2 x 5 g|https://e-szop24.pl/photos/029207_biehydrozelmaseczka_naw_bb1.png
40|Przetwory owocowe|Łowicz Żurawina do mięs i serów|6,45|230 g|https://e-szop24.pl/photos/011758_lowicz_zur_do_mie_i_ser_bb1.png
40|Płatki śniadaniowe, Musli|Nestle płatki Corn Flakes|4,49|250 g|https://e-szop24.pl/photos/013468_nestle_pla_cor_fla_bb1.png
40|Konserwy, Pasztety|Krakus Boczek wieprzowy konserwa|7,99|300 g|https://e-szop24.pl/photos/019456_krakus_boc_wie_kon_bb1.png
40|Warzywa świeże|Pietruszka pęczek|2,50|3 szt|https://e-szop24.pl/photos/016141_pietruszka.png
40|Warzywa świeże|Rzodkiewka|1,99|1 szt|https://e-szop24.pl/photos/016117_rzodkiewka.png
40|Obiadki|BoboVita obiadek domowe risotto z soczystym indykiem|15,75|2sztx250 g|https://e-szop24.pl/photos/015963_bobovita_obi_dom_ris_z_soc_in_bb1.png
40|Wody|Żywiec Zdrój woda gazowana|1,69|0,5 L|https://e-szop24.pl/photos/010012_zywiec_zdr_wod_gaz_bb1.png
40|Płatki śniadaniowe, Musli|Nestle płatki Fitness z Owocami|10,50|425 g|https://e-szop24.pl/photos/013485_nestle_pla_fit_z_owo_bb1.png
40|Napoje|Ekland Napój herbaciany instant o smaku malinowym z witaminą C|4,49|300 g|https://e-szop24.pl/photos/019306_ekland_nap_her_ins_o_sma_mal__bb1.png
40|Mleko|Łaciate Mleko 2% tł. (pasteryzowane)|2,89|1 L|https://e-szop24.pl/photos/017817_laciate_mle_2_tl_pas.png
40|Mrożonki|Hortex Marchewka z groszkiem|4,50|450 g|https://e-szop24.pl/photos/017009_hortex_mar_z_gro_bb1.png
40|Artykuły do kąpieli|Fa Shower + Lotion Pomegranate Żel pod prysznic|12,80|400 ml|https://e-szop24.pl/photos/027636_fa_zel_ppr_bb1.png
40|Konserwy, Pasztety|Zimbo Pasztet ze szczypiorkiem|7,30|250 g|https://e-szop24.pl/photos/018852_zimbo_pas_ze_szc_bb1.png
40|Mleko|Bebiko Junior 3R|19,49|350 g|https://e-szop24.pl/photos/015825_bebiko_jun_3r_bb1.png
40|Zęby|Colgate Sensitive Pro-Relief Pasta do zębów|12,95|75 ml|https://e-szop24.pl/photos/018949_colgate_sen_pro_rel_pas_do_ze_bb1.png
40|Do mycia naczyń|Pur Lemon 3 action płyn do naczyń|4,49|450 ml|https://e-szop24.pl/photos/012105_pur_lem_3_act_ply_do_nac_bb1.png
40|Sosy|Knorr Sos grzybowy|59,99|840 g|https://e-szop24.pl/photos/019790_knorr_sos_grz_bb1.png
40|Bezglutenowe|Balviten Paluszki z solą|10,99|95 g|https://e-szop24.pl/photos/023987_balpaluszki_sal_bez_95g_bb1.png
40|Zupy|Knorr Nudle ser w ziołach|1,99|61 g|https://e-szop24.pl/photos/014665_knorr_nud_ser_w_zio_bb1.png
40|Owoce w puszkach|Rolnik Gruszki w syropie|8,99|820 g|https://e-szop24.pl/photos/011774_rolnik_gru_w_syr_bb1.png
40|Zupy|Profi Krupnik z mięsem z indyka|3,99|450 g|https://e-szop24.pl/photos/014604_profi_kru_z_mie_z_ind_bb1.png
40|Akcesoria kuchenne|Jan Niezbędny ściereczki uniwersalne na rolce|11,80|50 szt|https://e-szop24.pl/photos/018209_jan_nie_sci_uni_na_rol_bb1.png
40|Konserwy, Pasztety|M.E.A.L. Konserwa tyrolska|3,99|400 g|https://e-szop24.pl/photos/020876_miskonserwa_tyr_400_bb1.png
40|Sól|Kotanyi sól młynek morska jodowana|8,49|92 g|https://e-szop24.pl/photos/016677_kotanyi_sol_mly_bb1.png
40|Zupy|Knorr Rozkosze podniebienia Kremowa zupa borowikowa z cebulką|4,29|50 g|https://e-szop24.pl/photos/019736_knorr_zup_bor_50g_bb1.png
40|Przyprawy i zioła|Baziółka Rozmaryn świeży|5,99|1 szt|https://e-szop24.pl/photos/016374_baziolka_roz_swi.png
40|Przetwory warzywne|Pudliszki Fasola czerwona|4,40|400 g|https://e-szop24.pl/photos/011863_pudliszki_fas_cze_bb1.png