4|40|Kiełbasy, Parówki|Indykpol Parówki Jedynki z serem|5,30|200 g|https://e-szop24.pl/photos/016078_indykpol_par_jed_z_ser_bb1.png
4|40|Mydła|Pollena Mydło biały jeleń naturalne|4,20|100 g|https://e-szop24.pl/photos/017255_pollena_myd_bia_jel_nat_bb1.png
4|40|Twarogi, Serki kanapkowe|NaTurek Nasz Puszysty z ziołami Serek twarogowy|3,99|140 g|https://e-szop24.pl/photos/024347_naturek_nas_pus_z_zio_ser_twa_bb1.png
4|40|Bombonierki|Kinder niespodzianka|3,20|20 g|https://e-szop24.pl/photos/013928_kinder_nie_bb1.png
4|40|Sosy|Knorr Esencja do sosu pieczeniowego ciemnego (2 sztuki)|4,49|58 g|https://e-szop24.pl/photos/019761_knorr_ese_pie_bb1.png
4|40|Do mycia naczyń|Ludwik Balsam aloesowy do naczyń|3,29|500 ml|https://e-szop24.pl/photos/012104_ludwik_bal_alo_do_nac_bb1.png
4|40|Artykuły do kąpieli|Syrena Gąbka Domowe Spa Gracja|7,59|17 g|https://e-szop24.pl/photos/027889_3mgabka_syr_gra_dom_bb1.png
4|40|Przetwory warzywne|Kwidzyn Bób zielony|4,99|400 g|https://e-szop24.pl/photos/020343_kwidzyn_bob_zie_bb1.png
4|40|Owoce świeże|Banany|5,90|1 kg|https://e-szop24.pl/photos/016152_banany.png
4|40|Napoje|Hipp Sok słodkie jabłka|8,60|2x200 ml|https://e-szop24.pl/photos/018873_hipp_sok_slo_jab_bb1.png
4|40|Soki, Nektary|Fortuna sok multiwitamina|4,60|1 L|https://e-szop24.pl/photos/010165_fortuna_sok_mul_bb1.png
4|40|Owoce suszone, Orzechy|Bakalland Rodzynki sułtańskie|13,60|500g|https://e-szop24.pl/photos/011793_bakalland_rod_sul_bb1.png
4|40|Kawa rozpuszczalna|Anatol Kawa zbożowa mocna|4,25|147 g|https://e-szop24.pl/photos/023360_riebanatkawa_zbm_bb1.png
4|40|Artykuły do kąpieli|Adidas Hydra Sport 3 Żel pod prysznic|9,49|250 ml|https://e-szop24.pl/photos/027582_adihydra_spo_zel_ppm_bb1.png
4|40|Kawa mielona, Ziarnista|Dallmayr Crema d'Oro Kawa ziarnista|90,70|1000 g|https://e-szop24.pl/photos/023013_cocdallmcrema_dor_zia_bb1.png
4|40|Kostki rosołowe|Cykoria Bulion warzywny|1,32|60 g|https://e-szop24.pl/photos/019695_cykoria_bul_war_bb1.png
4|40|Napoje|Pepsi Cola, napój gazowany|5,99|2.25 L|https://e-szop24.pl/photos/010372_pepsi_col_nap_gaz_bb1.png
4|40|Dodatki do wypieków|Cykoria Żelatyna spożywcza zwykła wieprzowa|2,20|25 g|https://e-szop24.pl/photos/019525_cykoria_zel_spo_zwy_wie_bb1.png
4|40|Wypieki|Delecta Sernik błyskawiczny oryginalny|5,99|193 g|https://e-szop24.pl/photos/011574_delecta_ser_bly_ory_bb1.png
4|40|Kawa rozpuszczalna|Pedros Active instant|11,69|100 g|https://e-szop24.pl/photos/015154_pedros_act_ins_bb1.png
4|40|Apteczka|Viscoplast Plaster do cięcia Kubuś i Przyjaciele 80 x 6 cm|10,99|1 op|https://e-szop24.pl/photos/029342_3mplaster_kub_i_prz_08m_bb1.png
4|40|Napoje|Black energy drink, napój energetyczny|4,99|1 L|https://e-szop24.pl/photos/010415_black_ene_dri_nap_ene_bb1.png
4|40|Mięso|Indykpol mięso na kotlety z indyka|16,99|1 kg|https://e-szop24.pl/photos/016299_indykpol_mie_na_kot_z_ind.png
4|40|Środki czystości|Presto Ściereczki nawilżane do czyszczenia mebli drewnianych 72 sztuki|7,80||https://e-szop24.pl/photos/027279_chustgospresto_cle_meb_bb1.png
4|40|Paluszki, Ciastka|Aksam Beskidzkie Paluszki o smaku serowo-cebulowym|3,99|220 g|https://e-szop24.pl/photos/023461_akspaluszbeskidzserceb220_bb1.png
4|40|Sosy|Łowicz sos słodko-kwaśny pikantny|4,25|350 g|https://e-szop24.pl/photos/013041_lowicz_sos_slo_kwa_pik_bb1.png
4|40|Kiełbasy, Parówki|Sokołów Parówki z szynki|6,30|250 g|https://e-szop24.pl/photos/017932_sokolow_par_z_szy_bb1.png
4|40|Napoje|Monster Ripper Gazowany napój energetyzujący|4,99|500 ml|https://e-szop24.pl/photos/025863_monster_ene_rip_pk5_bb1.png
4|40|Napoje|Lipton Ice tea lemon, napój niegazowany|5,45|1,5 L|https://e-szop24.pl/photos/010305_lipton_ice_tea_lem_nap_nie_bb1.png
4|40|Syropy|Herbapol Syrop owocowa spiżarnia wiśnia|5,45|0,42 L|https://e-szop24.pl/photos/010433_herbapol_syr_owo_spi_wis_bb1.png
4|40|Galaretka|Winiary galaretka o smaku agrestowym|1,79|75 g|https://e-szop24.pl/photos/014430_winiary_gal_o_sma_agr_bb1.png
4|40|Toaleta|Bref Power Active Gel do WC o zapachu sosny|7,99|750 ml|https://e-szop24.pl/photos/012033_bref_pow_act_gel_do_wc_o_zap__bb1.png
4|40|Wody|Badoit Naturalna woda mineralna gazowana|6,99|330 ml|https://e-szop24.pl/photos/025821_badoit_nat_min_bb1.png
4|40|Jogurty, Serki, Desery|Zott Serduszko Pudding Czekoladowy z sosem waniliowym|3,39|4X125 g|https://e-szop24.pl/photos/016922_zott_pud_cze_z_sos_wan.png
4|40|Wędliny|Tarczyński Szynka z kotła Mini|26,69|650 g|https://e-szop24.pl/photos/018128_tarczynski_szy_z_kot_min_bb1.png
4|40|Dezodoranty|Dove Men+Care Extra fresh antyeprspirant spray dla mężczyzn|14,20|150 ml|https://e-szop24.pl/photos/018440_dove_men_ext_fre_ant_spr_dla__bb1.png
4|40|Dania mrożone|Aviko Pati Parts Cząstki ziemniaków ze skórką do piekarnika|5,20|600 g|https://e-szop24.pl/photos/025271_aviczastki_zie_600_bb1.png
4|40|Herbata|Ekland Napój herbaciany instant o smaku cytrynowym z witaminą C|4,49|300 g|https://e-szop24.pl/photos/019066_ekland_nap_her_ins_o_sma_cyt__bb1.png
4|40|Mąka, Bułka tarta|Młyny Stoisław Mąka pszenna chlebowa typ 750|3,39|1 kg|https://e-szop24.pl/photos/021528_stomaka_psz_chl_bb1.png
4|40|Kawa mielona, Ziarnista|Astra Łagodna Kawa Delikatny Smak 100% arabica|14,99|250 g|https://e-szop24.pl/photos/019170_astra_lag_kaw_del_sma_100_ara_bb1.png
4|40|Galaretka|Gellwe galaretka o smaku wiśniowym|1,59|75 g|https://e-szop24.pl/photos/014421_gellwe_gal_o_sma_wis_bb1.png
4|40|Przyprawy i zioła|Cykoria Imbir mielony|1,19|20 g|https://e-szop24.pl/photos/019656_cykoria_imb_mie_bb1.png
4|40|Przetwory warzywne|Motyl Buraczki obiadowe|2,66|350 g|https://e-szop24.pl/photos/020195_motyl_bur_obi_bb1.png
4|40|Zupy|Profi Zupa jarzynowa z mięsem wieprzowym|3,99|450 g|https://e-szop24.pl/photos/014607_profi_zup_jar_z_mie_wie_bb1.png
4|40|Pielęgnacja włosów|Syoss Volume Lift lakier do włosów bardzo mocne utrwalenie|16,99|300 ml|https://e-szop24.pl/photos/017672_syoss_vol_lif_lak_do_wlo_bar__bb1.png
4|40|Majonez|Develey Sos sałatkowy ziołowy|4,09|200 ml|https://e-szop24.pl/photos/022335_develey_sos_sal_zio_bb1.png
4|40|Pielęgnacja twarzy|AA Technologia Wieku 50+ Aktywny Lifting Krem Multilift 6D na noc|25,19|50 ml|https://e-szop24.pl/photos/029044_aa_kre_50_noc_akt_bb1.png
4|40|Konserwy, Pasztety|Profi Wielkopolski pasztet z drobiu z pomidorami|2,05|131g|https://e-szop24.pl/photos/011725_profi_wie_pas_z_dro_z_pom_bb1.png
4|40|Płatki śniadaniowe, Musli|Nestle płatki Gold Flakes|5,99|250 g|https://e-szop24.pl/photos/013488_nestle_pla_gol_fla_bb1.png
4|40|Ser żółty|Mlekovita Ser Gouda plastry|13,99|500 g|https://e-szop24.pl/photos/016459_mlekovita_ser_gou_pla_bb1.png
4|40|Twarogi, Serki kanapkowe|Hochland Kanapkowy śmietankowy|2,99|130 g|https://e-szop24.pl/photos/011334_hochland_kan_smi_bb1.png
4|40|Owoce suszone, Orzechy|Bakalland Żurawina z sokiem z granatu|7,99|100 g|https://e-szop24.pl/photos/021779_bakalland_zur_z_sok_z_gra_bb1.png
4|40|Sosy|Knorr 1-2-3 Sos pieczeniowy baza|69,99|3 kg|https://e-szop24.pl/photos/019785_knorr_1_2_3_sos_pie_baz_bb1.png
4|40|Dodatki do wypieków|Cykoria Cynamon mielony|1,19|20 g|https://e-szop24.pl/photos/019596_cykoria_cyn_mie_bb1.png
4|40|Deserki|HiPP BIO Brzoskwinie po 4. miesiącu|4,50|125 g|https://e-szop24.pl/photos/022395_hipp_brz_eko_125_bb1.png
4|40|Herbata|Big-Active Herbata zielona z pomarańczą|5,60|100 g|https://e-szop24.pl/photos/018834_big_act_her_zie_z_pom_bb1.png
4|40|Zęby|Blend-A-Med Pro-Expert Gum Protection Pasta do zębów|13,20|75 ml|https://e-szop24.pl/photos/028368_bam_pro_exp_dzi_75_bb1.png
4|40|Dania mrożone|Dr. Oetker Guseppe Pizza z szynką i salami ostra|9,90|400 g|https://e-szop24.pl/photos/025284_guseppizza_szy_400_bb1.png
4|40|Czekolady|Milka Wholenut Toffee|14,99|300 g|https://e-szop24.pl/photos/013906_milka_who_tof_bb1.png
4|40|Mleko|Mlekovita Mleko Wydojone Uht 3,2% Bez Laktozy|3,99|1 L|https://e-szop24.pl/photos/024023_mlekovita_mle_wyd_uht_32_bez__bb1.png
4|40|Sery topione, Sery pleśniowe|Hochland Emmentaler ser topiony (bloczek)|2,35|100g|https://e-szop24.pl/photos/011430_hochland_emm_ser_top_blo_bb1.png
4|40|Kawa rozpuszczalna|Nescafe Gold kawa rozpuszczalna|22,50|100 g|https://e-szop24.pl/photos/015113_nescafe_gol_kaw_roz_bb1.png
4|40|Orzeszki|Felix orzeszki ziemne solone|12,99|380g|https://e-szop24.pl/photos/012297_felix_orz_zie_sol_bb1.png
4|40|Herbata|Vitax Kolekcja wyjątkowych herbat mix (90tb)|34,99|90 szt|https://e-szop24.pl/photos/019177_vitax_kol_wyj_her_mix_90t_bb1.png
4|40|Przyprawy i zioła|Cykoria Chili|1,19|20 g|https://e-szop24.pl/photos/019636_cykoria_chi_bb1.png
4|40|Ciastka|HIT o smaku waniliowym|4,99|220 g|https://e-szop24.pl/photos/014046_hit_o_sma_wan_bb1.png
4|40|Owoce suszone, Orzechy|Bakalland Orzechy laskowe|12,99|100 g|https://e-szop24.pl/photos/018918_bakalland_orz_las_bb1.png
4|40|Śmietany, Śmietanki|Łaciata Śmietanka 18% 250ml (op. zbiorcze)|47,90|18 szt|https://e-szop24.pl/photos/018675_laciata_smi_18_250_op_zbi.png
4|40|Masło, Margaryna, Smalec|Finuu klasyczne z fińskiego masła solone|7,99|200 g|https://e-szop24.pl/photos/020123_finuu_mas_fin_sol_bb1.png
4|40|Przyprawy i zioła|Cykoria Goździki|1,51|15 g|https://e-szop24.pl/photos/019655_cykoria_goz_bb1.png
4|40|Herbata|Big-Active Malina & Acai Herbata czarna z kawałkami owoców  (20 torebek)|6,49|40 g|https://e-szop24.pl/photos/023170_big_act_mal_aca_her_cza_z_kaw_bb1.png
4|40|Przyprawy i zioła|Cykoria Przyprawa do kurczaka|1,09|40 g|https://e-szop24.pl/photos/019688_cykprzyprawa_do_kur_40g_bb1.png
4|40|Mięso|Sokołów Wołowina po tatarsku|10,50|230 g|https://e-szop24.pl/photos/018075_sokolow_wol_po_tat_bb1.png
4|40|Herbata|Dilmah Ceylon Gold, herbata czarna koperty|42,00|100 szt.|https://e-szop24.pl/photos/018022_dilmah_cey_gol_her_cza_kop_bb1.png
4|40|Wody|Zuber Mineralna woda lecznicza z Krynicy Zdroju|24,00|5 l|https://e-szop24.pl/photos/025765_cdp_wod_zub_z_kry_5l_bb1.png
4|40|Chrupkie|Wasa Pieczywo lekkie pszenne|5,59|140 g|https://e-szop24.pl/photos/011524_wasa_pie_lek_psz_bb1.png
4|40|Przetwory warzywne|Dawtona Food Service Fasola czarna|16,49|2,6 kg|https://e-szop24.pl/photos/020388_dawfasola_cza_260_bb1.png
4|40|Czekolady|Lindt Excellence 85% Cacao|10,90|100 g|https://e-szop24.pl/photos/013955_lindt_exc_85_cac_bb1.png
4|40|Budyń|Cykoria Budyń o smaku śmietankowym|0,89|40 g|https://e-szop24.pl/photos/019521_cykoria_bud_o_sma_smi_bb1.png
4|40|Owoce w puszkach|Rolnik Koktajl z owoców tropikalnych|5,99|560 g|https://e-szop24.pl/photos/011770_rolnik_kok_z_owo_tro.png
4|40|Syropy|Herbapol Syrop owocowa spiżarnia pomarańcza|5,55|0,42 L|https://e-szop24.pl/photos/010431_herbapol_syr_owo_spi_pom_bb1.png
4|40|Makaron|Lubella Classic Makaron Kokardki nr 51|3,99|400 g|https://e-szop24.pl/photos/013425_lubella_cla_mak_kok_nr_51_bb1.png
4|40|Napoje|Lipton Ice tea green, napój niegazowany|2,99|0,5 L|https://e-szop24.pl/photos/010298_lipton_ice_tea_gre_nap_nie_bb1.png
4|40|Kawa mielona, Ziarnista|MK Café Crema Kawa ziarnista|34,99|500g|https://e-szop24.pl/photos/019002_mk_caf_cre_kaw_zia_bb1.png
4|40|Majonez|Heinz Sos czosnkowy|6,24|220 ml|https://e-szop24.pl/photos/020193_heinz_sos_czo_bb1.png
4|40|Ciemne, z ziarnami|Schulstad Fitness Style z ziarnami|4,15|420 g|https://e-szop24.pl/photos/011463_schulstad_fit_sty_z_zia_bb1.png
4|40|Olej, Oliwa|Monini Oliwa extra vergine Classico|21,99|500 ml|https://e-szop24.pl/photos/013611_monini_oli_ext_ver_cla_bb1.png
4|40|Kawa rozpuszczalna|Anatol kawa zbożowa 35 saszetek|4,25|147 g|https://e-szop24.pl/photos/015183_anatol_kaw_zbo_35_sas_bb1.png
4|40|Akcesoria kuchenne|Jan Niezbędny Rękawice domowe rozmiar L|4,60|1 szt|https://e-szop24.pl/photos/012189_jan_nie_rek_dom_roz_l.png
4|40|Sól|Sante Sól morska o obniżonej zawartości sodu|3,99|350 g|https://e-szop24.pl/photos/020114_sante_sol_mor_o_obn_zaw_sod_bb1.png
4|40|Śmietanka do kawy|Gostyń Mleko zagęszczone niesłodzone light 4% tłuszczu|1,99|200 g|https://e-szop24.pl/photos/017523_gostyn_mle_zag_nie_lig_4_tlu_bb1.png
4|40|Artykuły kosmetyczne|Cleanic Pure Effect Soft Touch płatki kosmetyczne|4,49|80 szt|https://e-szop24.pl/photos/010835_cleanic_pur_eff_sof_tou_pla_k_bb1.png
4|40|Wędliny|Sokołów Szynka włoska|6,99|140 g|https://e-szop24.pl/photos/018277_sokolow_szy_wlo_bb1.png
4|40|Olej, Oliwa|Olitalia Oliwa z oliwek najwyższej jakości z pierwszego tłoczenia|34,99|750 ml|https://e-szop24.pl/photos/021198_indoliwa_exv_bb1.png
4|40|Cukiernia|Dan Cake Gofry|7,99|250 g|https://e-szop24.pl/photos/017846_dan_cak_gof_bb1.png
4|40|Kosmetyki|Nivea Baby kojący krem przeciwko odparzeniom|16,06|100 ml|https://e-szop24.pl/photos/015572_nivea_bab_koj_kre_prz_odp_bb1.png
4|40|Pranie|E Fresh Comfort Jedwabisty Dotyk Skoncentrowany płyn do zmiękczania tkanin|14,80|2 l|https://e-szop24.pl/photos/026621_e_fre_com_jed_dot_sko_ply_do__bb1.png
4|40|Bombonierki|Storck Merci Chocolates|16,76|250 g|https://e-szop24.pl/photos/014333_storck_mer_cho_bb1.png
4|40|Pielęgnacja twarzy|Bielenda Professional Formula Peeling drobnoziarnisty|3,69|5 g|https://e-szop24.pl/photos/029214_biepeeling_dro_2x5_bb1.png
4|40|Pielęgnacja włosów|Schauma Anti-Dandruff Intensywny szampon|8,20|250 ml|https://e-szop24.pl/photos/027974_schauma_ant_dan_int_sza_bb1.png
4|40|Przetwory rybne|Lisner Filety śledziowe w sosie tzatziki|6,99|280 g|https://e-szop24.pl/photos/018385_lisner_fil_sle_w_sos_tza_bb1.png
4|40|Kasza|Melvit Premium Kasza bulgur|5,39|400 g|https://e-szop24.pl/photos/021385_melvit_kas_bul_400_bb1.png
4|40|Wędliny|Sokołów Baleron gotowany|3,99|100 g|https://e-szop24.pl/photos/011693_sokolow_bal_got_bb1.png
4|40|Mleko|Gostyń Mleko słodzone o smaku kakaowym (tuba)|3,30|150g|https://e-szop24.pl/photos/010923_gostyn_mle_slo_o_sma_kak_tub_bb1.png
4|40|Galaretka|Delecta Galaretka smak truskawkowy|1,69|75 g|https://e-szop24.pl/photos/022655_delecta_gal_sma_tru_bb1.png
4|40|Konserwy, Pasztety|Duda Pasztetowa firmowa|3,50|300 g|https://e-szop24.pl/photos/019427_duda_pas_fir_bb1.png
4|40|Chrupkie|Sonko Pieczywo Lekkie razowe|4,35|170 g|https://e-szop24.pl/photos/018259_sonko_pie_lek_raz_bb1.png
4|40|Akcesoria|Canpol Babies butelka dekorowana plastikowa|11,89|250 ml|https://e-szop24.pl/photos/016277_canpol_bab_but_dek_pla.png
4|40|Bezglutenowe|Balviten Paluszki z solą|7,99|70 g|https://e-szop24.pl/photos/023989_balpaluszki_sol_bez_bb1.png
4|40|Kiełbasy, Parówki|Tarczyński Kabanosy pepperoni|11,99|175 g|https://e-szop24.pl/photos/017831_tarczynski_kab_pep_bb1.png
4|40|Sałatki|Lisner Salateria Sałatka śledziowa z jajkiem|2,99|150 g|https://e-szop24.pl/photos/018370_lisner_sal_sal_sle_z_jaj_bb1.png
4|40|Pranie|Ariel Color Proszek do prania  (50 prań)|54,20|3,75 kg|https://e-szop24.pl/photos/026514_ariel_col_pro_do_pra_50_pra_bb1.png
4|40|Deserki|HiPP BIO Wesołe Owoce Gruszki-Banany-Kiwi po 8. miesiącu|6,10|90 g|https://e-szop24.pl/photos/022397_hipp_bio_wes_owo_gru_ban_kiw__bb1.png
4|40|Ser żółty|Mlekovita Ser Sokół plastry|4,75|150 g|https://e-szop24.pl/photos/011280_mlekovita_ser_sok_pla_bb1.png
4|40|Paluszki, Ciastka|Wasa Kanapka O Smaku Sera i Pomidorów z Bazylią|2,30|40 g|https://e-szop24.pl/photos/018251_wasa_kan_o_sma_ser_i_pom_z_ba_bb1.png
4|40|Cukierki|Haribo Tęczowe paski Kwaśne żelki owocowe|3,99|100 g|https://e-szop24.pl/photos/022918_haribo_tec_pas_kwa_zel_owo_bb1.png
4|40|Kostki rosołowe|Knorr Esencja do duszonych warzyw 56 g (2 sztuki)|2,49|56 g|https://e-szop24.pl/photos/019759_knorr_bul_war_bb1.png
4|40|Akcesoria kuchenne|Jan Niezbędny Zmywak profilowany|2,60|3 szt|https://e-szop24.pl/photos/012188_jan_nie_zmy_pro_bb1.png
4|40|Przetwory warzywne|Dawtona Fasola czerwona|2,40|400 g|https://e-szop24.pl/photos/020201_dawtona_fas_cze_bb1.png
4|40|Kawa rozpuszczalna|Prima Śniadaniowa kawa rozpuszczalna|7,99|100 g|https://e-szop24.pl/photos/015165_prima_sni_kaw_roz_bb1.png
4|40|Sałatki|Lisner Salateria Sałatka polska tradycyjna warzywna|2,99|150 g|https://e-szop24.pl/photos/016340_lisner_sal_sal_pol_tra_war_bb1.png
4|40|Kosmetyki|Colgate Smiles Pasta do zębów dla dzieci wiek 6+|11,90|50ml|https://e-szop24.pl/photos/018634_colgate_smi_pas_do_zeb_dla_dz_bb1.png
4|40|Chrupkie|Sonko Wafle ryżowe z pestkami dyni|3,40|130g|https://e-szop24.pl/photos/011498_sonko_waf_ryz_z_pes_dyn_bb1.png
4|40|Mięso|Karkówka wieprzowa bez kości tacka|19,99|ok 1 kg|https://e-szop24.pl/photos/016988_karkowka_wie_bez_kos_tac.png
4|40|Obiadki|Gerber Obiadek Kurczak w potrawce z jarzynkami po 6 miesiącu|6,80|190 g|https://e-szop24.pl/photos/022435_ger_kur_190_bb1.png
4|40|Soki, Nektary|Fortuna sok pomidorowy|4,19|1 L|https://e-szop24.pl/photos/010188_fortuna_sok_pom_bb1.png
4|40|Napoje|Tymbark napój niegazowany pomarańcza-brzoskwinia|2,99|1L|https://e-szop24.pl/photos/010269_tymbark_nap_nie_pom_brz_bb1.png
4|40|Płatki śniadaniowe, Musli|Nestle Nesvita z mlekiem, jabłkami i cynamonem|1,79|50 g|https://e-szop24.pl/photos/013495_nestle_nes_z_mle_jab_i_cyn_bb1.png
4|40|Pielęgnacja ciała|Cleanic Clean and Chic Chusteczki odświeżające z płynem antybakteryjnym 15 sztuk|3,10||https://e-szop24.pl/photos/030048_cleanic_chu_bb1.png
4|40|Śmietany, Śmietanki|Łaciata Śmietanka 30%|3,35|250ml|https://e-szop24.pl/photos/011247_laciata_smi_30.png
4|40|Zupy|Vifon zupa błyskawiczna z makaronem kurczak pieczony łagodna|1,69|70 g|https://e-szop24.pl/photos/014733_vifon_zup_bly_z_mak_kur_pie_l_bb1.png
4|40|Toaleta|Velvet Papier toaletowy seledynowy|11,99|8 szt|https://e-szop24.pl/photos/011966_velvet_pap_toa_sel_bb1.png
4|40|Przyprawy i zioła|Cykoria Liść laurowy|1,20|12 g|https://e-szop24.pl/photos/019659_cykoria_lis_lau_bb1.png
4|40|Przetwory rybne|Lisner Koreczki śledziowe z cebulką|6,99|200 g|https://e-szop24.pl/photos/024944_liskoreczsledzz_ceb_bb1.png
4|40|Dania|Krakus Łopatka wieprzowa wolno gotowana|16,99|750 g|https://e-szop24.pl/photos/038457_krakus_lop_wie_wol_got_bb1.png
4|40|Mąka, Bułka tarta|Młyny Stoisław Mąka żytnia razowa typ 2000|3,39|900 g|https://e-szop24.pl/photos/021547_stomaka_zyt_bb1.png
4|40|Jogurty, Serki, Desery|Zott deser Belriso waniliowy|2,39|200 g|https://e-szop24.pl/photos/011065_zott_des_bel_wan.png
4|40|Mleko|Mlekovita Mleko wypasione 2% tł. (UHT)|3,05|1 L|https://e-szop24.pl/photos/017088_mlekovita_mle_wyp_2_tl_uht_bb1.png
4|40|Do mycia naczyń|Ludwik płyn cytrynowy do naczyń|5,95|1 L|https://e-szop24.pl/photos/012102_ludwik_ply_cyt_do_nac_bb1.png
4|40|Soki, Nektary|Costa pomarańczowa , napój niegazowany|4,30|2 L|https://e-szop24.pl/photos/010323_costa_pom_nap_nie_bb1.png
4|40|Sałatki|Lisner Jak u Mamy Sałatka śledziowa z buraczkami|2,99|150 g|https://e-szop24.pl/photos/020052_lisner_jak_u_mam_sal_sle_z_bu_bb1.png
4|40|Bombonierki|Storck Merci Finest Selection czekoladki deserowe|18,99|250 g|https://e-szop24.pl/photos/018829_storck_mer_fin_sel_cze_des_bb1.png
4|40|Przyprawy i zioła|Cykoria Gorczyca biała|1,08|25 g|https://e-szop24.pl/photos/019691_cykoria_gor_bia_bb1.png
4|40|Jaja|Nova Goertz Polska Jaja kurze klasa A|24,50|30 szt|https://e-szop24.pl/photos/016830_nova_goe_pol_jaj_kur_kla_a_bb1.png
4|40|Sery topione, Sery pleśniowe|Bresse Bleu Ser z niebieską pleśnią|11,99|150 g|https://e-szop24.pl/photos/024144_bresse_ble_ser_z_nie_ple_bb1.png
4|40|Bombonierki|Goplana Mella Galaretka w czekoladzie o smaku pomarańczowym|7,20|190 g|https://e-szop24.pl/photos/022893_jutgalaretka_pom_bb1.png
4|40|Środki czystości|Clin Windows & Glass Płyn do mycia powierzchni szklanych|7,29|500 ml|https://e-szop24.pl/photos/026988_henclin_uni_bb1.png
4|40|Gumy i drażetki|Tic Tac Orange|1,99|18 g|https://e-szop24.pl/photos/014388_tic_tac_ora_bb1.png
4|40|Ser żółty|Mlekovita Cheddar Ser w plastrach|4,40|150 g|https://e-szop24.pl/photos/024236_mlekser_che_150_pla_bb1.png
4|40|Sosy|Knorr Sos sałatkowy włoski|39,99|700 g|https://e-szop24.pl/photos/019775_knorr_sos_sal_wlo_bb1.png
4|40|Kawa mielona, Ziarnista|Woseba Crema Gold kawa mielona|13,99|250 g|https://e-szop24.pl/photos/015236_woseba_gol_kaw_mie_bb1.png
4|40|Masło, Margaryna, Smalec|Osełka śniadaniowa Tłuszcze do smarowania|2,99|270 g|https://e-szop24.pl/photos/024899_janda_ose_sni_270_bb1.png
4|40|Kostki rosołowe|Kucharek Włoszczyzna suszona|3,35|100 g|https://e-szop24.pl/photos/018647_kucharek_wlo_sus_bb1.png
4|40|Dania mrożone|Dr.Oetker Ristorante pizza prosciutto|8,55|340 g|https://e-szop24.pl/photos/017237_droetker_ris_piz_pro_bb1.png
4|40|Kawa rozpuszczalna|Inka rozpuszczalna kawa zbożowa czekoladowa|7,99|200 g|https://e-szop24.pl/photos/015180_inka_roz_kaw_zbo_cze_bb1.png
4|40|Makaron|Arrighi Tagliatelle a Nido 88 Makaron|6,49|500 g|https://e-szop24.pl/photos/021431_indmakaron_tas_nr8_500_bb1.png
4|40|Bombonierki|Kraft Foods Delicje wiśniowe|3,99|147 g|https://e-szop24.pl/photos/013979_kraft_foo_del_wis_bb1.png
4|40|Zęby|Aquafresh Whitening Intense White Pasta do zębów|8,99|100 ml|https://e-szop24.pl/photos/028353_aquafresh_int_pas_100_bb1.png
4|40|Mydła|Palmolive Aquarium Mydło w płynie|7,60|300 ml|https://e-szop24.pl/photos/027482_cp_myd_ply_aqu_300_bb1.png
4|40|Soki, Nektary|Tarczyn Sok czarna porzeczka|1,99|0,3 L|https://e-szop24.pl/photos/010210_tarczyn_sok_cza_por_bb1.png
4|40|Tostowe|Schulstad Chleb Tostowy z mąką pełnoziarnistą|5,55|500 g|https://e-szop24.pl/photos/011479_schulstad_chl_tos_z_mak_pel_bb1.png
4|40|Środki czystości|Ludwik Mleczko czyszczące kwiatowe|7,70|550 g|https://e-szop24.pl/photos/017901_ludwik_mle_czy_kwi.png
4|40|Syropy|Victoria's Cymes syrop toffi|15,25|490 ml|https://e-szop24.pl/photos/018636_victorias_cym_syr_tof.png
4|40|Zupy|Knorr Gorący kubek pomidorowa z ryżem|1,49|19 g|https://e-szop24.pl/photos/014646_knorr_gor_kub_pom_z_ryz_bb1.png
4|40|Jogurty, Serki, Desery|Bakoma Satino Coffee Latte Macchiato Napój mleczny kawowy|3,29|240 g|https://e-szop24.pl/photos/024061_bakkawa_sat_lat_240_bb1.png
4|40|Do mycia naczyń|Pur Gold Płyn do mycia naczyń Cytryna|4,30|420 ml|https://e-szop24.pl/photos/026796_pur_gol_ply_do_myc_nac_cyt_bb1.png
4|40|Pielęgnacja włosów|Gliss Kur Liquid Silk Odżywka|12,40|200 ml|https://e-szop24.pl/photos/028092_gliss_kba_pol_bb1.png
4|40|Wędliny|Masarnia u Józefa wędzok ustrzycki|29,99|850 g|https://e-szop24.pl/photos/018095_masarnia_u_joz_wed_ust.png
4|40|Konserwy, Pasztety|Profi Gulasz Angielski|2,65|110 g|https://e-szop24.pl/photos/019282_profi_gul_ang_bb1.png
4|40|Dania|Barilla Bolognese Sos pomidorowy z mięsem|12,99|400 g|https://e-szop24.pl/photos/022092_barsos_bol_z_mie_400_bb1.png
4|40|Ryby mrożone|Frosta Ryba z pieca z sosem brokułowym|14,50|360 g|https://e-szop24.pl/photos/017217_frosta_ryb_z_pie_z_sos_bro_bb1.png
4|40|Apteczka|Cholinex Ziołowy o smaku mentolu i eukaliptusa Pastylki do ssania 8 sztuk|8,30|28 g|https://e-szop24.pl/photos/030258_gskcholinex_men_bb1.png
4|40|Pranie|Jelp Color Hipoalergiczny proszek do prania|12,99|480 g|https://e-szop24.pl/photos/018352_jelp_col_hip_pro_do_pra_bb1.png
4|40|Sosy|Develey Sos hamburgerowy|9,99|840 g|https://e-szop24.pl/photos/020137_develey_sos_ham_bb1.png
4|40|Jogurty, Serki, Desery|Zott deser Monte max|6,49|4X100g|https://e-szop24.pl/photos/011069_zott_des_mon_max.png
4|40|Artykuły do kąpieli|Dove Men plus Care Sensitive Shield Żel pod prysznic|17,00|400 ml|https://e-szop24.pl/photos/027610_dove_men_zel_ppr_bb1.png
4|40|Kiełbasy, Parówki|Indykpol Premium Parówki Jedyneczki|5,30|200 g|https://e-szop24.pl/photos/030292_indparowki_jed_200_bb1.png
4|40|Artykuły do kąpieli|Nivea Żel Pod Prysznic Sport for Men|17,99|500 ml|https://e-szop24.pl/photos/016744_nivea_zel_pod_pry_spo_for_men_bb1.png
4|40|Produkty gotowe|Virtu Pizza wiejska|8,70|475 g|https://e-szop24.pl/photos/016333_virtu_piz_wie_bb1.png
4|40|Konserwy, Pasztety|Spichlerz Rusiecki Żywiecka kiełbasa|7,99|280 g|https://e-szop24.pl/photos/019436_spichlerz_rus_zyw_kie_bb1.png
4|40|Dla kota|Whiskas Adult z wołowiną w sosie (puszka)|3,95|400g|https://e-szop24.pl/photos/012436_whiskas_adu_z_wol_w_sos_pus_bb1.png
4|40|Pielęgnacja ciała|Ziaja Krem do rąk i paznokci oliwkowa|5,99|80 ml|https://e-szop24.pl/photos/010597_ziaja_kre_do_rak_i_paz_oli_bb1.png
4|40|Napoje|Kinley tonic, napój gazowany|5,99|2.25 L|https://e-szop24.pl/photos/010368_kinley_ton_nap_gaz.png
4|40|Środki czystości|Ajax Proszek Floral Fiesta wioseny bukiet|4,99|450 g|https://e-szop24.pl/photos/012140_ajax_pro_flo_fie_wio_buk_bb1.png
4|40|Toaleta|Velvet Classic standard biały papier toaletowy|8,99|8 szt|https://e-szop24.pl/photos/011962_velvet_cla_sta_bia_pap_toa_bb1.png
4|40|Wypieki|Dr.Oetker Kopiec kreta|7,69|410 g|https://e-szop24.pl/photos/011543_droetker_kop_kre_bb1.png
4|40|Wody|Dobrowianka Naturalna woda mineralna lekko gazowana|8,95|6X1,5 l|https://e-szop24.pl/photos/025702_dobrowianka_nat_wod_min_lek_g_bb1.png
4|40|Syropy|Herbapol Smaki Słońca Syrop o smaku cola|5,90|420 ml|https://e-szop24.pl/photos/026323_herbsmaki_slo_col_420_bb1.png
4|40|Sosy|Knorr Fix Gołąbki bez zawijania|3,25|64 g|https://e-szop24.pl/photos/019783_knorr_fix_gol_bez_zaw_bb1.png
4|40|Herbata|Herbapol Herbata rumianek|3,49|20X1,5 g|https://e-szop24.pl/photos/014805_herbapol_her_rum_bb1.png
4|40|Wędliny|Sokołów Szynka złocista|6,99|148 g|https://e-szop24.pl/photos/017105_sokolow_szy_zlo_1.png
4|40|Twarogi, Serki kanapkowe|Rolmlecz Twaróg półtłusty|2,49|200 g|https://e-szop24.pl/photos/024717_roltwarog_pol_bb1.png
4|40|Konserwy, Pasztety|Spichlerz Rusiecki Mięsiwo w sosie własnym|7,99|300 g|https://e-szop24.pl/photos/018984_spichlerz_rus_mie_w_sos_wla_bb1.png
4|40|Środki czystości|Kiwi Shoe Deo Fresh Odświeżacz do obuwia|18,19|100 ml|https://e-szop24.pl/photos/027261_kiwi_ods_dbu_100_bb1.png
4|40|Pranie|Woolite Perła Extra ochrona kolorów Płyn do prania|22,45|2 l|https://e-szop24.pl/photos/026580_woolite_per_ext_och_kol_ply_d_bb1.png
4|40|Makaron|Arrighi Uszka z grzybami Tortellini|7,33|250 g|https://e-szop24.pl/photos/017739_arrighi_usz_z_grz_tor_bb1.png
4|40|Czekolady|Wedel Czekolada Mleczna z Nadzieniem Truskawkowym|3,85|100 g|https://e-szop24.pl/photos/013862_wedel_cze_mle_z_nad_tru_bb1.png
4|40|Deserki|Nestle Mleczny deserek czekoladowy|12,35|4x100 g|https://e-szop24.pl/photos/017887_nestle_mle_des_cze_bb1.png
4|40|Galaretka|Dr.Oetker galaretka o smaku wiśniowym|1,69|77 g|https://e-szop24.pl/photos/014410_droetker_gal_o_sma_wis_bb1.png
4|40|Twarogi, Serki kanapkowe|Tartare Borowikowy Las|4,99|150g|https://e-szop24.pl/photos/011360_tartare_bor_las_bb1.png
4|40|Golenie, Depilacja|Gillette Fusion Proglide Power Wymienne ostrza 2 sztuki|49,30||https://e-szop24.pl/photos/028652_gillette_fus_pro_pow_wym_ost__bb1.png
4|40|Mąka, Bułka tarta|Basia Mąka poznańska pszenna typ 500|3,29|1 kg|https://e-szop24.pl/photos/021521_goodmaka_psz_1kg_bb1.png
4|40|Zęby|Blend-A-Med Complete 7 Ekstra Świeżość Pasta do zębów|7,99|100 ml|https://e-szop24.pl/photos/028363_bam_c7_ext_fre_100_bb1.png
4|40|Syropy|Paola syrop domowy malina|5,50|0,43 L|https://e-szop24.pl/photos/010441_paola_syr_dom_mal_bb1.png
4|40|Apteczka|Viscoplast Prestovis Plus Supermocny plaster do cięcia z opatrunkiem 1 m x 6 cm|6,49|1 op|https://e-szop24.pl/photos/029344_3mplaster_vis_1m_bb1.png
4|40|Bombonierki|Milka Alpejskie Mleczko Happy Cows|14,99|330 g|https://e-szop24.pl/photos/018706_milka_alp_mle_hap_cow_bb1.png
4|40|Chrzan|Motyl Chrzan tarty|2,99|190 g|https://e-szop24.pl/photos/013267_motyl_chr_tar_bb1.png
4|40|Pranie|Lenor Fresh Płyn zmiękczający do płukania tkanin|9,99|930 ml|https://e-szop24.pl/photos/019372_lenor_fre_ply_zmi_do_plu_tka_bb1.png
4|40|Toaleta|Air Wick Electrical Wkład do odświeżacza powietrza magnolia i kwiat wiśni|16,99|19 ml|https://e-szop24.pl/photos/027152_air_wic_ele_wkl_do_ods_pow_ma_bb1.png
4|40|Napoje|Cherry Coke, napój gazowany|1,99|0,33 L|https://e-szop24.pl/photos/010347_cherry_cok_nap_gaz_bb1.png
4|40|Dania mrożone|FRoSTA Lasagne Bolognese z wołowiną|14,50|375 g|https://e-szop24.pl/photos/025222_frosta_las_bol_z_wol_bb1.png
4|40|Pielęgnacja twarzy|Dove Intensywnie nawilżający krem do ciała|11,60|150 ml|https://e-szop24.pl/photos/010633_dove_int_naw_kre_do_cia_bb1.png
4|40|Napoje|Black energy drink, napój energetyczny|2,85|250 ml|https://e-szop24.pl/photos/019261_black_ene_dri_nap_ene_bb1.png
4|40|Fasola, Groch|Sante Soczewica zielona|5,59|350 g|https://e-szop24.pl/photos/021354_sansoczewica_zie_350_bb1.png
4|40|Kosmetyki|Nivea Baby krem na każdą pogodę|16,06|50 ml|https://e-szop24.pl/photos/015567_nivea_bab_kre_na_kaz_pog_bb1.png
4|40|Chipsy, Chrupki|Lays Strong Pikantne chipsy karbowane o smaku ostre chilli|5,40|140 g|https://e-szop24.pl/photos/012246_lays_str_ost_chi_bb1.png
4|40|Soki, Nektary|Magnes Sok z Granatu premium|2,99|250 ml|https://e-szop24.pl/photos/038464_magnes_sok_z_gra_pre_1.png
4|40|Sałatki|Lisner Jak u Mamy Sałatka z kurczakiem i ananasem|3,49|150 g|https://e-szop24.pl/photos/020051_lisner_jak_u_mam_sal_z_kur_i__bb1.png
4|40|Ryby mrożone|Abramczyk Miruna patagońska filet|23,29|850 g|https://e-szop24.pl/photos/025436_abrmiruna_fil_765_bb1.png
4|40|Twarogi, Serki kanapkowe|Łaciaty Serek puszysty naturalny|3,10|150 g|https://e-szop24.pl/photos/024322_mleserek_lac_bb1.png
4|40|Jogurty, Serki, Desery|Zott deser z koroną czekoladowy|1,39|175g|https://e-szop24.pl/photos/011063_zott_des_z_kor_cze.png
4|40|Zupy|Winiary Barszcz biały|34,99|900 g|https://e-szop24.pl/photos/022536_winbarszcz_bia_09k_bb1.png
4|40|Galaretka|Winiary galaretka o smaku cytrynowym|1,79|71 g|https://e-szop24.pl/photos/014432_winiary_gal_o_sma_cyt_bb1.png
4|40|Higiena intymna|Naturella Normal Camomile Wkładki higieniczne 60 sztuk|8,50||https://e-szop24.pl/photos/029912_naturella_nor_cam_wkl_hig_60__bb1.png
4|40|Ketchup|Pudliszki Ketchup pikantny|2,75|205 g|https://e-szop24.pl/photos/013147_pudliszki_ket_pik_bb1.png
4|40|Dodatki do wypieków|Dr. Oetker Perełki złote|6,20|42 g|https://e-szop24.pl/photos/020074_dr_oet_per_zlo_bb1.png
4|40|Produkty gotowe|Virtu Pierogi z serem|6,49|400 g|https://e-szop24.pl/photos/016327_virtu_pie_z_ser_bb1.png
4|40|Pranie|Coccolino Sensitive Płyn do płukania tkanin koncentrat|12,20|1 l|https://e-szop24.pl/photos/026615_coccolino_pld_1l_bb1.png
4|40|Zdrowa żywność|Sante crunchy naturalne|4,55|350 g|https://e-szop24.pl/photos/015369_sante_cru_nat_bb1.png
4|40|Zupy|Profi Zupa pieczarkowa z mięsem|3,99|450 g|https://e-szop24.pl/photos/014605_profi_zup_pie_z_mie_bb1.png
4|40|Napoje|Bobo Frut nektar wieloowocowy|4,40|300 ml|https://e-szop24.pl/photos/015738_bobo_fru_nek_wie_bb1.png
4|40|Higiena intymna|Carefree wkładki cotton extract|15,99|58 szt|https://e-szop24.pl/photos/016369_carefree_wkl_cot_ext.png
4|40|Apteczka|Plusssz żelazo|7,99|1szt|https://e-szop24.pl/photos/012344_plusssz_zel_mul.png
4|40|Zęby|Colgate Max Fresh Szczoteczka do zębów Miękka|10,50||https://e-szop24.pl/photos/028467_colgate_max_fre_szc_do_zeb_mi_bb1.png
4|40|Mleko|Danmis Mleko kozie UHT|5,90|500 ml|https://e-szop24.pl/photos/017904_danmis_mle_koz_uht.png
4|40|Zęby|Colgate Smiles Pasta do zębów dla dzieci wiek 6+|11,90|50ml|https://e-szop24.pl/photos/018634_colgate_smi_pas_do_zeb_dla_dz_bb1.png
4|40|Dodatki do wypieków|Cykoria Krem do tortów o smaku cytrynowym|2,99|100 g|https://e-szop24.pl/photos/019533_cykoria_kre_do_tor_o_sma_cyt_bb1.png
4|40|Pielęgnacja twarzy|Nivea Visage Dwufazowy płyn do demakijażu oczu|16,99|125 ml|https://e-szop24.pl/photos/017643_nivea_vis_dwu_ply_do_dem_ocz_bb1.png
4|40|Napoje|Caprio plus napój niegazowany jabłkowo-aroniowo-wiśniowy|4,35|2 L|https://e-szop24.pl/photos/010235_caprio_plu_nap_nie_jab_aro_wi_bb1.png
4|40|Musztarda|Prymat Musztarda delikatesowa|2,49|185 g|https://e-szop24.pl/photos/018372_prymat_mus_del_bb1.png
4|40|Przetwory warzywne|Provitus Kapusta zasmażana czerwona|5,15|480 g|https://e-szop24.pl/photos/019830_provitus_kap_zas_cze_bb1.png
4|40|Środki czystości|Pronto 5in1 classic środek do mebli drewnianych aerozol|13,85|300 ml|https://e-szop24.pl/photos/012153_pronto_5in_cla_sro_do_meb_dre_bb1.png
4|40|Zęby|Sensodyne Extra fresh pasta do zębów|15,90|75 ml|https://e-szop24.pl/photos/018630_sensodyne_ext_fre_pas_do_zeb_bb1.png
4|40|Mleko|Alpro Rice Napój ryżowy o smaku naturalnym|12,99|1 L|https://e-szop24.pl/photos/021549_sanalpro_nap_soj_bb1.png
4|40|Soki, Nektary|Hortex nektar pomarańczowy|8,29|2 L|https://e-szop24.pl/photos/010050_hortex_nek_pom_bb1.png
4|40|Cukierki|Wedel Mieszanka Wedlowska classic|7,99|220 g|https://e-szop24.pl/photos/013805_wedel_mie_wed_cla_bb1.png
4|40|Przyprawy i zioła|Kamis Karkówka z grilla|2,05|20 g|https://e-szop24.pl/photos/016317_kamis_kar_z_gri_bb1.png
4|40|Zęby|Elmex Woskowana nić dentystyczna 50 m|16,30||https://e-szop24.pl/photos/028540_elmex_nic_den_50m_bb1.png
4|40|Napoje|Pepsi Cola, napój gazowany|2,15|0,33 L|https://e-szop24.pl/photos/010369_pepsi_col_nap_gaz_bb1.png
4|40|Zęby|Elmex Płyn do płukania jamy ustnej przeciw próchnicy|25,70|400 ml|https://e-szop24.pl/photos/010761_elmex_ply_do_plu_jam_ust_prz__bb1.png
4|40|Dodatki do wypieków|Delecta Soda oczyszczona|1,79|100 g|https://e-szop24.pl/photos/019861_delecta_sod_ocz_bb1.png
4|40|Dla psa|Pedigree Junior Kurczak w galaretce|4,45|400g|https://e-szop24.pl/photos/012389_pedigree_jun_kur_w_gal_bb1.png
4|40|Owoce świeże|Jabłka Ligol|39,95|12 kg|https://e-szop24.pl/photos/018995_jablka_lig_1.png
4|40|Dania mrożone|FRoSTA Szpinak z sosem śmietanowym|5,50|450 g|https://e-szop24.pl/photos/025228_frosta_szp_z_sos_smi_bb1.png
4|40|Śmietany, Śmietanki|Zott Śmietana naturalna rozkosz 12%|2,65|330 g|https://e-szop24.pl/photos/016563_zott_smi_nat_roz_12.png
4|40|Kosmetyki|Colgate Smiles Pasta do zębów dla dzieci wiek 3-5 lat|11,90|50 ml|https://e-szop24.pl/photos/018633_colgate_smi_pas_do_zeb_dla_dz_bb1.png
4|40|Dezodoranty|Fa Men Xtreme Polar Dezodorant w sprayu|11,10|150 ml|https://e-szop24.pl/photos/028808_fa_men_xtr_pol_dez_w_spr_bb1.png
4|40|Kostki rosołowe|Vegeta Przyprawa do mięs|2,79|75 g|https://e-szop24.pl/photos/038438_vegeta_prz_do_mie_bb1.png
4|40|Budyń|Cykoria Budyń o smaku wiśniowym|0,89|40 g|https://e-szop24.pl/photos/019524_cykoria_bud_o_sma_wis_bb1.png
4|40|Octy|Monini Ocet winny biały aceto bianco|8,15|500 ml|https://e-szop24.pl/photos/017586_monini_oce_win_bia_ace_bia_bb1.png
4|40|Kawa mielona, Ziarnista|Astra Kawa zielona mielona|13,99|200 g|https://e-szop24.pl/photos/019151_astra_kaw_zie_mie_1.png
4|40|Pozostałe|Good Food Wafle kukurydziane z ziołami prowansalskimi extra cienkie  (21 sztuk)|3,20|105 g|https://e-szop24.pl/photos/023669_good_foo_waf_kuk_z_zio_pro_ex_bb1.png
4|40|Herbata|Dilmah Cejlońska czarna herbata z aromatem gruszki i pomarańczy (20 torebek)|7,90|1.5 g|https://e-szop24.pl/photos/023308_dilmherbarompearorange20t_bb1.png
4|40|Sery topione, Sery pleśniowe|Arla Apetina Mozzarella wiórki|8,99|200 g|https://e-szop24.pl/photos/024261_apetina_moz_wio_200_bb1.png
4|40|Tostowe|Dan Cake Chleb tostowy pszenny|4,50|500 g|https://e-szop24.pl/photos/016612_dan_cak_chl_tos_psz_bb1.png
4|40|Kawa mielona, Ziarnista|Dallmayr Espresso d´Oro kawa ziarnista|59,99|500 g|https://e-szop24.pl/photos/017163_dallmayr_esp_dor_kaw_zia_bb1.png
4|40|Wypieki|Dr. Oetker Biszkopt|5,59|400 g|https://e-szop24.pl/photos/021838_dr_oet_bis_bb1.png
4|40|Mleko|Gostyń Mleko zagęszczone niesłodzone 7,5% tłuszczu|3,70|500g|https://e-szop24.pl/photos/010918_gostyn_mle_zag_nie_75_tlu_bb1.png
4|40|Octy|Kamis Ocet Winny Cytrynowy|8,60|250 ml|https://e-szop24.pl/photos/013275_kamis_oce_win_cyt_bb1.png
4|40|Środki czystości|Ajax Płyn Uniwersalny Floral Fiesta kwiaty laguny|8,90|1 L|https://e-szop24.pl/photos/012131_ajax_ply_uni_flo_fie_kwi_lag_bb1.png
4|40|Dezodoranty|Dove Original antyperspirant spray dla kobiet|14,20|150 ml|https://e-szop24.pl/photos/018431_dove_ori_ant_spr_dla_kob_bb1.png
4|40|Mleko|Mlekovita Mleko wypasione truskawkowe|1,35|200 ml|https://e-szop24.pl/photos/010913_mlekovita_mle_wyp_tru_bb1.png
4|40|Pielęgnacja twarzy|Bielenda Argan + Makadamia + Marula Krem nawilżający na dzień i na noc|23,50|50 ml|https://e-szop24.pl/photos/029056_bieargmakadamiamarkrnaw50_bb1.png
4|40|Cukier|Delecta Glukoza|2,99|100 g|https://e-szop24.pl/photos/021244_delecta_glu_bb1.png
4|40|Kawa mielona, Ziarnista|Dallmayr Prodomo Kawa mielona|18,40|250 g|https://e-szop24.pl/photos/022981_cocdallmayr_pro_mie_bb1.png
4|40|Artykuły do kąpieli|On Line Płyn do kąpieli mleko i miód|9,80|750 ml|https://e-szop24.pl/photos/018397_on_lin_ply_do_kap_mle_i_mio.png
4|40|Zupki|BoboVita zupka tradycyjny krupniczek z cielęciną|12,70|2sztx190 g|https://e-szop24.pl/photos/015901_bobovita_zup_tra_kru_z_cie_bb1.png
4|40|Twarogi, Serki kanapkowe|Mlekovita Bryndza podkarpacka|2,59|80 g|https://e-szop24.pl/photos/024381_mlebryndza_pod_80g_bb1.png
4|40|Makaron|Lubella Classic Makaron Świderki  nr 19|3,99|500 g|https://e-szop24.pl/photos/013416_lubella_cla_mak_swi_nr_19_bb1.png
4|40|Kiełbasy, Parówki|Krakus Kiełbasa podwawelska|15,75|520 g|https://e-szop24.pl/photos/017537_krakus_kie_pod.png
4|40|Białe|Balviten Chleb chlebuś|6,20|250 g|https://e-szop24.pl/photos/023964_balchleb_chl_bez_bb1.png
4|40|Owoce świeże|Jabłka Idared|39,65|12 kg|https://e-szop24.pl/photos/018993_jablka_ida_1.png
4|40|Przyprawy i zioła|Kamis pieprz biały mielony|2,25|20 g|https://e-szop24.pl/photos/012509_kamis_pie_bia_mie_bb1.png
4|40|Mydła|Palmolive Naturals Mleko i Miód Mydło w płynie Zapas|12,50|750 ml|https://e-szop24.pl/photos/027481_palmolive_nat_mle_i_mio_myd_w_bb1.png
4|40|Pieluszki|Pampers New Baby 2-5 kg|25,99|43 szt.|https://e-szop24.pl/photos/015451_pampers_new_bab_2_5_kg_bb1.png
4|40|Gumy i drażetki|Orbit Peppermint XXL (torebka)|4,99|58 g|https://e-szop24.pl/photos/014364_orbit_pep_xxl_tor_bb1.png
4|40|Zupy|Profi Zupa pomidorowa z mięsem wieprzowym|3,99|450 g|https://e-szop24.pl/photos/014601_profi_zup_pom_z_mie_wie_bb1.png
4|40|Mleko|Mleko Łaciate 2% tłuszczu (UHT)|2,95|1L|https://e-szop24.pl/photos/010869_mleko_lac_2_tlu.png
4|40|Syropy|Herbapol Owocowa Spiżarnia Imbir Syrop|5,55|420 ml|https://e-szop24.pl/photos/026317_herbapol_owo_spi_imb_syr_bb1.png
4|40|Kawa mielona, Ziarnista|Nescafé Dolce Gusto Latte Macchiato Kawa w kapsułkach (16 sztuk)|23,00|194.4 g|https://e-szop24.pl/photos/023084_nesdolce_gus_mac_bb1.png
4|40|Masło, Margaryna, Smalec|Delma Extra z masłem i szczypta soli|4,25|450 g|https://e-szop24.pl/photos/017487_delma_ext_z_mas_i_szc_sol_bb1.png
4|40|Przetwory rybne|Lisner Koreczki śledziowe z ogórkiem|6,99|200 g|https://e-szop24.pl/photos/024945_liskoreczki_sle_ogo_bb1.png
4|40|Przetwory warzywne|Provitus Marynowana papryka kalifornijska|7,12|600 g|https://e-szop24.pl/photos/019839_provitus_mar_pap_kal_bb1.png
4|40|Wafle|Sonko Wafle ryżowe z wiesiołkiem i siemieniem lnianym|3,20|130g|https://e-szop24.pl/photos/011497_sonko_waf_ryz_z_wie_i_sie_lni_bb1.png
4|40|Makaron|Lubella Classic Makaron Pióra nr 17|4,25|400 g|https://e-szop24.pl/photos/013414_lubella_cla_mak_pio_nr_17_bb1.png
4|40|Ciastka|Leibniz herbatniki maślane|2,65|100 g|https://e-szop24.pl/photos/014067_leibniz_her_mas_bb1.png
4|40|Golenie, Depilacja|Nivea Men Chłodząca pianka do golenia cool kick|16,60|200 ml|https://e-szop24.pl/photos/010851_nivea_men_chl_pia_do_gol_coo__bb1.png
4|40|Miód|Bartnik Miód akacjowy|12,99|370 g|https://e-szop24.pl/photos/018365_bartnik_mio_aka.png
4|40|Przetwory warzywne|Pudliszki Pomidory całe (puszka)|3,99|400 g|https://e-szop24.pl/photos/011870_pudliszki_pom_cal_pus_bb1.png
4|40|Kosmetyki|Nivea Baby Chusteczki Soft&Cream|10,99|63 szt|https://e-szop24.pl/photos/015573_nivea_bab_chu_sof_bb1.png
4|40|Przyprawy i zioła|Cykoria Kolendra mielona|1,19|20 g|https://e-szop24.pl/photos/019657_cykoria_kol_mie_bb1.png
4|40|Przyprawy i zioła|Cykoria Przyprawa do wieprzowiny|1,02|30 g|https://e-szop24.pl/photos/019646_cykoria_prz_do_wie_bb1.png
4|40|Herbata|Vitax Zioła rumianek|2,89|20X1,5 g|https://e-szop24.pl/photos/014771_vitax_zio_rum_bb1.png
4|40|Chrupkie|Wasa Pieczywo chrupkie wieloziarniste|5,99|215g|https://e-szop24.pl/photos/011519_wasa_pie_chr_wie_bb1.png
4|40|Pozostałe|Kupiec Crunchella Natural wafle pszenno-ryżowe|3,45|56 g|https://e-szop24.pl/photos/018638_kupiec_cru_nat_waf_psz_ryz_bb1.png
4|40|Owoce świeże|Cytryna|1,15|120 g|https://e-szop24.pl/photos/016148_cytryna.png
4|40|Cukierki|Wawel Cukierki Kukułki|22,15|1 kg|https://e-szop24.pl/photos/018097_wawel_cuk_kuk_bb1.png
4|40|Kiełbasy, Parówki|Morliny Kiełbasa morlińska z szynki|13,99|540 g|https://e-szop24.pl/photos/019447_morliny_kie_mor_z_szy_bb1.png
4|40|Galaretka|Delecta Galaretka smak pomarańczowy|1,69|75 g|https://e-szop24.pl/photos/022654_delecta_gal_sma_pom_bb1.png
4|40|Artykuły kosmetyczne|Cleanic Pielęgnacyjny zmywacz do paznokci w chusteczce|1,30||https://e-szop24.pl/photos/029028_cleanic_zmy_dpa_bb1.png
4|40|Obiadki|BoboVita obiadek warzywa z delikatną rybą|12,70|2szx190g|https://e-szop24.pl/photos/015960_bobovita_obi_war_z_del_ryb_bb1.png
4|40|Bezglutenowe|Balviten Balvinki Kruche herbatniki|8,30|150 g|https://e-szop24.pl/photos/023983_balkruche_her_bb1.png
4|40|Toaleta|Tytan Dwufazowa kostka do WC morska|2,99|1 szt|https://e-szop24.pl/photos/018804_tytan_dwu_kos_do_wc_mor.png
4|40|Śmietany, Śmietanki|Piątnica Śmietana 18%|1,79|200 g|https://e-szop24.pl/photos/011228_piatnica_smi_18_bb1.png
4|40|Paluszki, Ciastka|Lajkonik Rewersy Drobne pieczywo|3,99|95 g|https://e-szop24.pl/photos/018831_lajkonik_rew_dro_pie_bb1.png
4|40|Artykuły do kąpieli|Dove Men+Care Aqua Impact żel pod prysznic|12,25|250 ml|https://e-szop24.pl/photos/017641_dove_men_aqu_imp_zel_pod_pry_bb1.png
4|40|Sałatki|Rolnik Sałatka z zielonych pomidorów|4,59|850 g|https://e-szop24.pl/photos/020691_rolsalatka_z_zie_bb1.png
4|40|Płatki śniadaniowe, Musli|Lubella Corn Flakes płatki kukurydziane|10,99|1 kg|https://e-szop24.pl/photos/018690_lubella_cor_fla_pla_kuk_bb1.png
4|40|Apteczka|Cholinex|7,99|8 szt|https://e-szop24.pl/photos/012338_cholinex_bb1.png
4|40|Płatki śniadaniowe, Musli|Nestle płatki Cini Minis|5,99|250 g|https://e-szop24.pl/photos/013475_nestle_pla_cin_min_bb1.png
4|40|Pielęgnacja ciała|Nivea Odżywcze mleczko do ciała|25,70|400 ml|https://e-szop24.pl/photos/010579_nivea_odz_mle_do_cia_bb1.png
4|40|Przetwory warzywne|Provitus Marchewka zasmażana babcina|5,15|480 g|https://e-szop24.pl/photos/019833_provitus_mar_zas_bab_bb1.png
4|40|Sosy|Łowicz sos chiński|5,45|500 g|https://e-szop24.pl/photos/013047_lowicz_sos_chi_bb1.png
4|40|Dania mrożone|Aviko Kluski śląskie z mięsem|6,99|450 g|https://e-szop24.pl/photos/017060_aviko_klu_sla_z_mie_bb1.png
4|40|Bombonierki|Wawel Malaga śmietankowa z rodzynkami Czekoladki nadziewane|36,99|1 kg|https://e-szop24.pl/photos/023934_wawel_mal_smi_z_rod_cze_nad_bb1.png
4|40|Ser żółty|Mlekovita Zakopiańskie Specjały Mini Gołka Ser wędzony|6,99|160 g(4 sztuki)|https://e-szop24.pl/photos/024430_mlekser_gol_zak_bb1.png
4|40|Wypieki|Dr.Oetker Babka cytrynowa|5,75|375 g|https://e-szop24.pl/photos/011546_droetker_bab_cyt_bb1.png
4|40|Deserki|HiPP BIO Owoce & Zboża Maliny i jabłka z kleikiem ryżowym po 5. miesiącu|7,20|190 g|https://e-szop24.pl/photos/022425_hipp_bio_owo_zbo_mal_i_jab_z__bb1.png
4|40|Masło, Margaryna, Smalec|Margaryna Flora pro-activ|16,99|400 g|https://e-szop24.pl/photos/013647_margaryna_flo_pro_act_bb1.png
4|40|Kisiel|Cykoria Kisiel o smaku cytrynowym|0,99|40 g|https://e-szop24.pl/photos/019518_cykoria_kis_o_sma_cyt_bb1.png
4|40|Pielęgnacja włosów|Pantene Pro-V szampon do włosów normalnych intensywna regeneracja|17,20|400 ml|https://e-szop24.pl/photos/018589_pantene_pro_v_sza_do_wlo_nor__bb1.png
4|40|Wody|Cisowianka woda gazowana|1,75|1,5 L|https://e-szop24.pl/photos/010008_cisowianka_wod_gaz_bb1.png
4|40|Dania|Bonduelle Danie na ciepło Teksańska fasolka cayenne|4,90|430 g|https://e-szop24.pl/photos/020392_bonduelle_dan_na_cie_tek_fas__bb1.png
4|40|Sosy|Knorr Fix lasagne|3,25|56 g|https://e-szop24.pl/photos/019780_knorr_fix_las_bb1.png
4|40|Pielęgnacja włosów|Nivea Hair Care Lakier do włosów Ultra Strong|15,60|250 ml|https://e-szop24.pl/photos/010667_nivea_hai_car_lak_do_wlo_ult__bb1.png
4|40|Czekolady|Wedel Czekolada gorzka o smaku tiramisu|3,89|100 g|https://e-szop24.pl/photos/019819_wedel_cze_tir_100_bb1.png
4|40|Przyprawy i zioła|Cykoria Bazylia|1,19|10 g|https://e-szop24.pl/photos/019643_cykoria_baz_bb1.png
4|40|Bombonierki|Raffaello|11,99|150 g|https://e-szop24.pl/photos/014304_raffaello_bb1.png
4|40|Galaretka|Winiary Galaretka o smaku wiśniowym|33,59|1.3 kg|https://e-szop24.pl/photos/022661_winiary_gal_o_sma_wis_bb1.png
4|40|Mięso|Indykpol Mięso z indyka na kotlety samo dobro|9,90|500 g|https://e-szop24.pl/photos/016296_indykpol_mie_z_ind_na_kot_sam_bb1.png
4|40|Makaron|Lubella Classic Makaron Nitki cięte  nr 2|3,99|500 g|https://e-szop24.pl/photos/013410_lubella_cla_mak_nit_cie_nr_2_bb1.png
4|40|Chrupkie|Sonko Maca z miodem|3,75|200 g|https://e-szop24.pl/photos/017069_sonko_mac_z_mio_bb1.png
4|40|Zęby|Denivit Pro-Laser White Pasta do codziennego użytku|11,40|50 ml|https://e-szop24.pl/photos/028392_denivit_pro_las_whi_pas_do_co_bb1.png
4|40|Kiełbasy, Parówki|Sokołów kiełbasa śląska codzienna|18,99|1,02 kg|https://e-szop24.pl/photos/016191_sokolow_kie_sla_cod_bb1.png
4|40|Mleko|Gostyń Mleko słodzone o smaku karmelowym (tuba)|3,30|150g|https://e-szop24.pl/photos/010924_gostyn_mle_slo_o_sma_kar_tub_bb1.png
4|40|Mleko|Bebiko 1 HA mleko początkowe|29,90|350 g|https://e-szop24.pl/photos/015818_bebiko_1_ha_mle_poc_bb1.png
4|40|Wędliny|Indykpol Krakowska sucha klasyka z indyka|4,99|90 g|https://e-szop24.pl/photos/017935_indykpol_kra_suc_kla_z_ind_bb1.png
4|40|Koncentraty|Pudliszki Koncentrat pomidorowy 30%|3,80|200g|https://e-szop24.pl/photos/011942_pudliszki_kon_pom_30_bb1.png
4|40|Zupy|Knorr Nudle pomidorowe łagodne|1,99|65 g|https://e-szop24.pl/photos/014656_knorr_nud_pom_lag_bb1.png
4|40|Herbata|Big-Active Herbata zielona z pigwą plus granat  (20 torebek)|4,99|34 g|https://e-szop24.pl/photos/023269_big_act_her_zie_z_pig_plu_gra_bb1.png
4|40|Owoce suszone, Orzechy|Bakalland Migdały|12,99|100 g|https://e-szop24.pl/photos/018927_bakalland_mig_bb1.png
4|40|Do mycia naczyń|Pur Herbs&Mint 3 action płyn do naczyń|6,99|900 ml|https://e-szop24.pl/photos/018561_pur_her_3_act_ply_do_nac_bb1.png
4|40|Batony|3BIT|1,49|46 g|https://e-szop24.pl/photos/014226_3bit_bb1.png
4|40|Pielęgnacja ciała|Bielenda Happy End Peeling do stóp i pięt z naturalnym pumeksem|10,59|125 g|https://e-szop24.pl/photos/028695_biehappy_end_pee_dst_bb1.png
4|40|Apteczka|Apap Tabletki przeciwbólowe|3,99|6 szt|https://e-szop24.pl/photos/012333_apap_tab_prz_bb1.png
4|40|Wafle|Wafle Familijne gofrowe z musem o smaku waniliowym|3,49|150 g|https://e-szop24.pl/photos/018465_wafle_fam_gof_z_mus_o_sma_wan_bb1.png
4|40|Toaleta|Ambi Pur 3volution Flowers & Spring Wkłady do odświeżacza elektrycznego|21,99|20 ml|https://e-szop24.pl/photos/027170_ambi_pur_3vo_flo_spr_wkl_do_o_bb1.png
4|40|Śmietanka do kawy|Cremona śmietanka do kawy|6,80|400 g|https://e-szop24.pl/photos/015301_cremona_smi_do_kaw_bb1.png
4|40|Przyprawy i zioła|Kamis papryka ostra|1,99|20 g|https://e-szop24.pl/photos/012528_kamis_pap_ost_bb1.png
4|40|Cukier|Kruger Viva sweet słodzik|12,15|1200 szt|https://e-szop24.pl/photos/018177_kruger_viv_swe_slo_bb1.png
4|40|Pielęgnacja ciała|Cleanic Junior Chusteczki odświeżające o zapachu gumy balonowej 15 sztuk|3,10||https://e-szop24.pl/photos/030047_chustodscleanic_jun_15s_bb1.png
4|40|Cukierki|Jutrzenka Akuku! Pyszczki|2,99|90 g|https://e-szop24.pl/photos/013696_jutrzenka_aku_pys_bb1.png
4|40|Mydła|Adidas After Sport 3 Żel pod prysznic do ciała włosów i twarzy|13,59|400 ml|https://e-szop24.pl/photos/027584_adizel_ppr_spo_400_bb1.png
4|40|Zupy|Cykoria Barszcz biały|1,30|40 g|https://e-szop24.pl/photos/019666_cykoria_bar_bia_bb1.png
4|40|Zupki|BoboVita zupka jarzynowa|8,22|2sztx125g|https://e-szop24.pl/photos/018137_bobovita_zup_jar_bb1.png
4|40|Bombonierki|Kraft Foods Delicje morelowe|3,99|147 g|https://e-szop24.pl/photos/013981_kraft_foo_del_mor_bb1.png
4|40|Ser żółty|Mlekovita Ser Gouda mierzwiony|4,20|150 g|https://e-szop24.pl/photos/024244_mlekser_mie_gou_150_bb1.png
4|40|Herbata|Vitax Ziołowa melisa|2,99|20X1,5 g|https://e-szop24.pl/photos/014770_vitax_zio_mel_bb1.png
4|40|Warzywa świeże|Seler naciowy|5,99|1 szt.|https://e-szop24.pl/photos/017896_seler_nac.png
4|40|Toaleta|Air Wick Freshmatic Max Wkład do odświeżacza powietrza błękitna rafa koralowa|19,99|250 ml|https://e-szop24.pl/photos/027159_air_wic_fre_max_wkl_do_ods_po_bb1.png
4|40|Dania|Pudliszki Sos do spaghetti oryginalny|5,65|500 g|https://e-szop24.pl/photos/013108_pudliszki_sos_do_spa_ory_bb1.png
4|40|Przetwory warzywne|Podravka Ajvar pikantny pasta warzywna|8,80|350 ml|https://e-szop24.pl/photos/017774_podravka_ajv_pik_pas_war_bb1.png
4|40|Pozostałe|Good Food Wafle ryżowe musli (10 sztuk)|2,50|100 g|https://e-szop24.pl/photos/023672_gfwafle_mus_100_bb1.png
4|40|Sojowe|Alpro Soya Napój o smaku waniliowym|11,80|1 L|https://e-szop24.pl/photos/015439_alpro_soy_nap_o_sma_wan_bb1.png
4|40|Owoce w puszkach|Rolnik Mandarynki|5,20|312 g|https://e-szop24.pl/photos/011771_rolnik_man.png
4|40|Jogurty, Serki, Desery|Bakoma jogurt naturalny gęsty|3,25|390 g|https://e-szop24.pl/photos/011125_bakoma_jog_nat_ges_bb1.png
4|40|Napoje|Hipp Sok jabłko-marchewka|8,60|2x200 ml|https://e-szop24.pl/photos/018872_hipp_sok_jab_mar_bb1.png
4|40|Ziarna i nasiona|Bakalland Pestki dyni łuskane|25,99|400 g|https://e-szop24.pl/photos/013582_bakalland_pes_dyn_lus_bb1.png
4|40|Kiełbasy, Parówki|Drobimex parówki z filetem z Kurcząt|4,99|200 g|https://e-szop24.pl/photos/018419_drobimex_par_z_fil_z_kur_bb1.png
4|40|Kefir|Zott Kefir|2,25|400 g|https://e-szop24.pl/photos/011208_zott_kef.png
4|40|Napoje|Bobo Frut Sok mix ( 12 szt. )|50,80|300 ml|https://e-szop24.pl/photos/022364_bfjun_sok_mix_12x_bb1.png
4|40|Masło, Margaryna, Smalec|Sobik masło extra polskie|7,70|200 g|https://e-szop24.pl/photos/016603_sobik_mas_ext_pol_bb1.png
4|40|Sosy|Develey Sos kebab ostry|10,99|880 g|https://e-szop24.pl/photos/022099_develey_sos_keb_ost_bb1.png
4|40|Kiełbasy, Parówki|Tarczyński Kabanos Exclusive Go Drobiowy|3,99|50 g|https://e-szop24.pl/photos/019204_tarczynski_kab_exc_go_dro_bb1.png
4|40|Mleko|Mlekovita Mleko wypasione waniliowe|1,35|200ml|https://e-szop24.pl/photos/010912_mlekovita_mle_wyp_wan_bb1.png
4|40|Płatki śniadaniowe, Musli|Kupiec Płatki owsiane błyskawiczne|2,85|400 g|https://e-szop24.pl/photos/013518_kupiec_pla_ows_bly_bb1.png
4|40|Twarogi, Serki kanapkowe|Hochland Almette ze szczypiorkiem i cebulą|3,99|150g|https://e-szop24.pl/photos/011344_hochland_alm_ze_szc_i_ceb_bb1.png
4|40|Środki czystości|Ajax Disinfection 2in1 płyn do czyszczenia i dezynfekcji|19,99|500 ml|https://e-szop24.pl/photos/018808_ajax_dis_2in_ply_do_czy_i_dez_bb1.png
4|40|Ryż|Kupiec Ryż naturalny brązowy|3,85|4x100 g|https://e-szop24.pl/photos/013553_kupiec_ryz_nat_bra_bb1.png
4|40|Konserwy, Pasztety|Sokołów Gulasz angielski|6,99|300 g|https://e-szop24.pl/photos/011732_sokolow_gul_ang_bb1.png
4|40|Toaleta|Domestos Power 5 Ocean Kostka toaletowa|6,50|55 g|https://e-szop24.pl/photos/027094_domestos_pow_5_oce_kos_toa_bb1.png
4|40|Golenie, Depilacja|Gillette Mach3 Edycja Red&White Maszynka do golenia|21,80||https://e-szop24.pl/photos/028628_gillette_mac_edy_red_mas_do_g_bb1.png
4|40|Przyprawy i zioła|Vegeta przyprawa warzywna do potraw|1,99|75 g|https://e-szop24.pl/photos/012858_vegeta_prz_war_do_pot_bb1.png
4|40|Konserwy, Pasztety|Profi Wielkopolski Pasztet z gęsią|2,05|131 g|https://e-szop24.pl/photos/019283_profi_wie_pas_z_ges_bb1.png
4|40|Soki, Nektary|Tymbark pomarańcza z mandarynką nektar|8,40|1.75 L|https://e-szop24.pl/photos/010084_tymbark_pom_z_man_nek_bb1.png
4|40|Środki czystości|Ludwik Mleczko czyszczące morskie|7,70|550 g|https://e-szop24.pl/photos/017900_ludwik_mle_czy_mor.png
4|40|Pielęgnacja włosów|Bielenda Drogocenny olejek arganowy 3w1|21,69|150 ml|https://e-szop24.pl/photos/027868_bieolejek_arg_150_bb1.png
4|40|Mleko|Bebiko Junior 4|19,49|350 g|https://e-szop24.pl/photos/015828_bebiko_jun_4_bb1.png
4|40|Makaron|Lubella Makaron lasagne nr 52|7,80|500 g|https://e-szop24.pl/photos/017153_lubella_mak_las_nr_52_bb1.png
4|40|Soki, Nektary|Cappy Sok pomarańczowy|2,75|330 ml|https://e-szop24.pl/photos/018009_cappy_sok_pom_bb1.png